date,site,s2_secchi,s2_rrs,s2_kdmin,types2,l8_secchi,l8_rrs,l8_kdmin
9/27/21,1,1.941031614,0.014409779,0.467932142,S2B,1.474482294,0.017162223,0.609402021
9/27/21,2,1.879411083,0.014376445,0.483126373,S2B,1.469362158,0.016875112,0.612660339
9/27/21,3,2.281665389,0.012822223,0.40061182,S2B,1.681378175,0.01515289,0.538332791
9/27/21,4,3.556933549,0.008791556,0.262272801,S2B,2.26497637,0.01063489,0.406240437
9/27/21,5,2.401744335,0.013382001,0.379854415,S2B,1.644408412,0.016320445,0.547998435
9/27/21,6,2.344752884,0.012451334,0.389840443,S2B,1.724988148,0.013943779,0.526872539
9/27/21,7,2.598143016,0.012035779,0.352768107,S2B,2.067201362,0.012701112,0.442745946
9/27/21,8,2.280838023,0.013560223,0.400034516,S2B,1.627880013,0.015430001,0.555467036
9/27/21,9,1.544289638,0.012988668,0.590606647,S2B,1.175167265,0.016677556,0.765982779
9/27/21,10,1.490660336,0.01372689,0.610372898,S2B,1.161019131,0.01773489,0.772979142
9/27/21,11,2.481936648,0.012801334,0.367638937,S2B,1.768596148,0.015035334,0.511905814
9/27/21,12,2.63852608,0.01205289,0.347640085,S2B,1.949822336,0.013847556,0.466708853
9/27/21,13,1.924755709,0.013682223,0.473293175,S2B,1.387017711,0.015769779,0.651185245
9/27/21,14,1.755181765,0.013625112,0.519154841,S2B,1.379495413,0.016600667,0.65350217
9/27/21,15,2.313192932,0.012505334,0.395387221,S2B,1.629806915,0.014784445,0.556046467
9/27/21,16,2.810373339,0.012549556,0.325680778,S2B,1.604043978,0.016664445,0.561644079
9/27/21,17,1.802522234,0.013912445,0.504760679,S2B,1.328962308,0.017686001,0.675035818
9/27/21,18,1.732550159,0.014379779,0.524629211,S2B,1.282373634,0.017549779,0.699693887
9/27/21,19,2.47859954,0.012516445,0.369112133,S2B,1.823361357,0.014660445,0.497829804
9/27/21,20,1.889354323,0.013547112,0.482084669,S2B,1.288123081,0.016583112,0.699003822
9/27/21,21,2.351175477,0.013013779,0.388247005,S2B,1.673923345,0.015275779,0.54037993
9/27/21,22,1.630103899,0.015342223,0.555279601,S2B,1.172220505,0.018480223,0.763320266
9/27/21,23,1.91576702,0.013814001,0.474888956,S2B,1.46580701,0.016089779,0.615445975
9/27/21,24,1.875710797,0.013399779,0.485716645,S2B,1.324613367,0.017098667,0.678470706
9/27/21,25,2.295586203,0.012795556,0.398784584,S2B,1.41791011,0.017542445,0.633044562
9/27/21,26,3.577904656,0.014557112,0.258329993,S2B,2.36928352,0.01676889,0.379854907
9/27/21,27,2.158380878,0.013144223,0.422530665,S2B,1.469498767,0.017310001,0.611181268
9/27/21,28,2.465457949,0.012261334,0.371137003,S2B,1.627961352,0.01568689,0.554873029
9/27/21,29,1.821968338,0.013143779,0.500357791,S2B,1.351660398,0.017199334,0.665026487
9/27/21,30,2.0636495,0.012779556,0.443532442,S2B,1.368545372,0.016262445,0.659171464
9/27/21,31,2.146281231,0.01272889,0.426023858,S2B,1.458756913,0.016034445,0.618459716
9/27/21,32,1.389842781,0.014560001,0.652783523,S2B,1.072995477,0.018444223,0.833814253
9/27/21,33,3.958394435,0.013079556,0.232686586,S2B,2.467027018,0.01567489,0.366418714
9/27/21,34,6.098554031,0.011393334,0.158264061,S2B,3.944274955,0.013005334,0.231379605
9/27/21,35,3.216305555,0.008759429,0.34123572,S2B,1.804608976,0.015984001,0.500087983
9/27/21,36,1.741533804,0.011728668,0.525864775,S2B,1.388331873,0.011851334,0.652947037
9/27/21,37,2.596157037,0.011245334,0.354561537,S2B,1.816144984,0.01385289,0.50074608
9/27/21,38,2.345906261,0.011804001,0.391072552,S2B,1.736832805,0.013903779,0.524079311
9/27/21,39,2.41206044,0.011724001,0.380660568,S2B,1.601893208,0.015432445,0.564409908
9/27/21,40,2.565502983,0.012825779,0.356425038,S2B,1.691993159,0.015802001,0.533719513
9/27/21,41,2.275384101,0.013207556,0.401238128,S2B,1.564464285,0.016280667,0.576164419
9/27/21,42,3.770313781,0.013614223,0.242799105,S2B,2.160238775,0.016334001,0.417277082
9/27/21,43,2.923781504,0.014376001,0.310837133,S2B,1.935482527,0.016488667,0.465614714
9/27/21,44,2.628021515,0.014100668,0.348164753,S2B,1.745805501,0.016666445,0.515766003
9/27/21,45,2.40288119,0.01142289,0.382169746,S2B,1.69729282,0.014148223,0.535232277
9/27/21,46,2.192919014,0.012227334,0.417533629,S2B,1.751253194,0.015380445,0.516539369
9/27/21,47,1.511128762,0.014906668,0.601308042,S2B,1.39555369,0.016684445,0.648947439
9/27/21,48,1.673190013,0.012328223,0.546458491,S2B,1.453554147,0.013195715,0.633441003
9/27/21,49,1.628554992,0.015727334,0.554586433,S2B,1.21165107,0.019376223,0.735531403
9/27/21,50,1.378843215,0.013529556,0.660362765,S2B,1.129051616,0.01677089,0.79695006
9/27/21,51,2.551552423,0.011400445,0.361012247,S2B,1.701927891,0.014474223,0.534796389
9/27/21,52,2.161281423,0.014055334,0.420941475,S2B,1.623027899,0.017053334,0.554453335
9/27/21,53,1.665787955,0.013695556,0.546591523,S2B,1.24160418,0.016722445,0.724823933
9/27/21,54,2.111105385,0.013667334,0.431749438,S2B,1.510043403,0.01705289,0.595352725
9/27/21,55,2.454273457,0.012176001,0.37297946,S2B,1.7475577,0.014799334,0.51851888
9/27/21,56,2.773152873,0.011088445,0.331512768,S2B,1.93090794,0.013288445,0.472959868
9/27/21,57,1.748544465,0.013237779,0.521283526,S2B,1.3128421,0.016453334,0.686306007
9/27/21,58,1.53823122,0.012324445,0.599540712,S2B,1.156390457,0.016509667,0.78044547
9/27/21,59,2.202514702,0.012382445,0.415071382,S2B,1.6052885,0.015013112,0.564060175
9/27/21,60,2.511752113,0.012702445,0.363702993,S2B,1.800413015,0.015446223,0.502487809
9/27/21,61,2.298296669,0.01333689,0.397271859,S2B,1.535374847,0.016276667,0.587151212
9/27/21,62,1.871276438,0.013792445,0.485269984,S2B,1.46574835,0.017035779,0.613756494
9/27/21,63,2.621980808,0.012978668,0.348427859,S2B,1.883515254,0.014430223,0.482383175
9/27/21,64,2.115449743,0.01384689,0.430158039,S2B,1.514069689,0.017137556,0.594539234
9/27/21,65,2.017784737,0.014235112,0.450295788,S2B,1.371394688,0.016357779,0.657839326
9/27/21,66,2.060739428,0.013250445,0.442385182,S2B,1.57391887,0.014666445,0.575937704
9/27/21,67,1.940069495,0.011996001,0.472347446,S2B,1.468649821,0.014838223,0.617337941
9/27/21,68,2.373590812,0.013666445,0.38450366,S2B,1.65985431,0.01613689,0.543340206
9/27/21,69,1.971522209,0.013395556,0.462526989,S2B,1.478225073,0.015907112,0.610580907
9/27/21,70,3.05813339,0.01209289,0.299491009,S2B,2.022423562,0.01454689,0.448585321
9/27/21,71,2.201570766,0.013423112,0.414319674,S2B,1.577855902,0.015544667,0.57277297
9/27/21,72,1.891472933,0.01328089,0.481744726,S2B,1.293902587,0.016027779,0.697633424
9/27/21,73,1.879817253,0.01327489,0.4849836,S2B,1.335055319,0.015822445,0.676731923
9/27/21,74,2.771914497,0.013158668,0.329377446,S2B,1.935066089,0.015137556,0.467757303
9/27/21,75,2.206122341,0.013889334,0.412313475,S2B,1.537539406,0.017071779,0.58456715
9/27/21,76,2.263462933,0.012497112,0.404630472,S2B,1.619167433,0.014847112,0.559912217
9/27/21,77,1.907847376,0.013028668,0.478945758,S2B,1.438338448,0.016608001,0.627760701
9/27/21,78,1.472095801,0.009438001,0.625967921,S2B,1.343320663,0.012630445,0.679904934
9/27/21,79,2.034759788,0.014408668,0.447005668,S2B,1.515289346,0.017006667,0.593350341
9/27/21,80,2.783564611,0.010906001,0.330380861,S2B,2.007105201,0.012955112,0.454939922
9/27/21,81,2.428944529,0.012567334,0.377008875,S2B,1.665060351,0.01549289,0.542896899
9/27/21,82,2.578016875,0.011685556,0.355863048,S2B,1.618892279,0.015501779,0.559306952
9/27/21,83,2.275110605,0.012857112,0.401184626,S2B,1.578256642,0.015599112,0.57257576
9/27/21,84,2.501696792,0.012328445,0.366116373,S2B,1.683517862,0.014920445,0.537984997
9/27/21,85,2.269452997,0.012560445,0.402597196,S2B,1.682642115,0.014922001,0.538804023
9/27/21,86,1.768349789,0.013212001,0.515762655,S2B,1.347061059,0.016235556,0.67268595
9/27/21,87,1.730915374,0.01359489,0.528055333,S2B,1.25410768,0.015764223,0.721001464
9/27/21,88,2.09476383,0.013270668,0.435279871,S2B,1.449587596,0.016046001,0.622516543
9/27/21,89,2.75340887,0.013781112,0.331341262,S2B,1.916577907,0.016403334,0.470249342
9/27/21,90,1.780321746,0.016552223,0.508748101,S2B,1.351264937,0.01762489,0.663910229
9/27/21,91,3.909498559,0.014148001,0.234757207,S2B,2.420638367,0.016469556,0.372323008
9/27/21,92,NaN,0.008100223,NaN,S2B,1.508282536,0.010811112,0.611135463
9/27/21,93,2.654464129,0.013180223,0.344648725,S2B,1.839779976,0.015755556,0.490914326
9/27/21,94,2.623258658,0.013417779,0.347925287,S2B,1.863564665,0.015563556,0.484985362
9/27/21,95,1.502447085,0.013544001,0.606254934,S2B,1.12863115,0.016998667,0.797071501
9/27/21,96,1.737990456,0.01239489,0.52608989,S2B,1.373351021,0.015586667,0.658038634
9/27/21,97,1.548319649,0.011579112,0.594524189,S2B,1.208525698,0.01533089,0.74841591
9/27/21,98,1.751025887,0.011847334,0.523119061,S2B,1.323339265,0.015513334,0.682960752
9/27/21,99,2.135694146,0.01356889,0.427002441,S2B,1.467124013,0.016901556,0.613048667
9/27/21,100,1.388630911,0.015240223,0.652120152,S2B,1.160968834,0.018122223,0.771382057
9/27/21,101,2.342849361,0.014425334,0.387758041,S2B,1.578289018,0.017282445,0.569104356
9/27/21,102,2.876615255,0.013500001,0.317751465,S2B,2.01313603,0.015394445,0.449120777
9/27/21,103,2.89199061,0.012959779,0.316530972,S2B,2.145421898,0.015949112,0.421066788
9/27/21,104,2.262989041,0.015747334,0.401819232,S2B,1.77889783,0.01797489,0.503923848
9/27/21,105,4.835685361,0.013065779,0.19122557,S2B,2.652934983,0.015975334,0.340355653
9/27/21,106,4.689261416,0.013449334,0.195998795,S2B,2.971232604,0.015277556,0.30489906
9/27/21,107,1.940540181,0.012646445,0.470954754,S2B,1.384331647,0.015724445,0.652758145
9/27/21,108,2.064015246,0.013821556,0.440889008,S2B,1.501404666,0.01665089,0.599592098
9/27/21,109,2.218666525,0.013273556,0.410924196,S2B,1.597297856,0.016250001,0.564337955
9/27/21,110,2.314584046,0.013039556,0.394681091,S2B,1.614305953,0.016956667,0.556967129
9/27/21,111,2.161151384,0.013144445,0.422351582,S2B,1.511204299,0.016845779,0.59520827
9/27/21,112,2.065921358,0.012462445,0.442655026,S2B,1.428484588,0.015653334,0.632400328
9/27/21,113,2.543478657,0.012959556,0.359563303,S2B,1.688523074,0.015875556,0.534838187
9/27/21,114,2.088559575,0.012499334,0.438294728,S2B,1.405236735,0.016058445,0.641914285
9/27/21,115,2.013976525,0.013313112,0.452406036,S2B,1.511223915,0.017051112,0.594967996
9/27/21,116,2.180311862,0.015695779,0.415578425,S2B,1.410059026,0.018848667,0.633263509
9/27/21,117,0.982663278,0.013381112,0.933315734,S2B,0.878138139,0.016637556,1.02944942
9/27/21,118,2.433857352,0.014437334,0.373343693,S2B,1.877021755,0.017690223,0.477907445
9/27/21,119,2.625994013,0.013721556,0.347142739,S2B,1.666983908,0.017249334,0.538764433
9/27/21,120,5.83695962,0.011999112,0.158359042,S2B,3.865561027,0.013141334,0.23616688
9/27/21,121,5.375876737,0.012891112,0.172293377,S2B,3.330405024,0.014439112,0.272535487
9/27/21,122,6.374574762,0.010984445,0.149930489,S2B,3.502712543,0.013685779,0.259898516
9/27/21,123,2.197255001,0.012649334,0.416403986,S2B,1.457686489,0.016760001,0.617448006
9/27/21,124,2.678943998,0.012561779,0.342564837,S2B,1.784562257,0.015355334,0.506917666
9/27/21,125,1.96325301,0.012844001,0.465251957,S2B,1.329555594,0.016182445,0.678329321
9/27/21,126,1.938925297,0.013139112,0.470260821,S2B,1.384205338,0.01727689,0.648979253
9/27/21,127,1.978656476,0.013644668,0.460051437,S2B,1.393979124,0.017391556,0.643958787
9/27/21,128,2.714485926,0.011683112,0.338167974,S2B,1.728148693,0.015164667,0.523879735
9/27/21,129,2.155294046,0.01339289,0.422937851,S2B,1.479550569,0.017021556,0.608641446
9/27/21,130,1.797209581,0.013367112,0.506775317,S2B,1.339196101,0.017106223,0.671399948
9/27/21,131,1.877973315,0.012392223,0.487015869,S2B,1.303544174,0.016088001,0.69205261
9/27/21,132,2.095771897,0.012354668,0.436378252,S2B,1.448290113,0.016065779,0.62290724
9/27/21,133,2.19398771,0.012520001,0.417475817,S2B,1.491540426,0.015883556,0.605326265
9/27/21,134,1.948310875,0.014407112,0.466004948,S2B,1.393705693,0.017716667,0.643413572
9/27/21,135,3.430206225,0.015275334,0.264174914,S2B,2.125208809,0.018238445,0.421186654
9/27/21,136,5.008633223,0.012483334,0.183327618,S2B,2.954455601,0.014894668,0.306773355
9/27/21,137,4.48390573,0.008873779,0.21632252,S2B,3.811944879,0.012989556,0.239393968
9/27/21,138,1.943068419,0.012080445,0.472408084,S2B,1.39707484,0.015716445,0.646712515
9/27/21,139,2.316202679,0.012056668,0.397859331,S2B,1.669536657,0.014994668,0.542478985
9/27/21,140,1.792880619,0.011722668,0.513245051,S2B,1.299738318,0.015678001,0.695436844
9/27/21,141,1.88386722,0.015158445,0.481262173,S2B,1.350970222,0.018896445,0.660822989
9/27/21,142,3.100289579,0.014032668,0.295162041,S2B,1.909885612,0.016645112,0.471358732
9/27/21,143,3.341215606,0.013333556,0.275843153,S2B,2.184050291,0.01506289,0.41495025
9/27/21,144,2.571236297,0.012768001,0.355727651,S2B,1.713474226,0.015453334,0.527885266
9/27/21,145,2.3739477,0.011731779,0.387562552,S2B,1.587105465,0.014999334,0.570899972
9/27/21,146,2.277448155,0.013256223,0.400737166,S2B,1.435406509,0.017506223,0.625465363
9/27/21,147,1.861857316,0.013225334,0.495218244,S2B,1.379299439,0.016485112,0.661882939
9/27/21,148,1.771740979,0.014238001,0.513289665,S2B,1.289883223,0.017485334,0.696437342
9/27/21,149,3.515415305,0.013268223,0.260695256,S2B,2.495093433,0.014832223,0.36365726
9/27/21,150,2.426492124,0.01316089,0.37615143,S2B,1.783184468,0.01598689,0.506195648
8/10/21,1,NaN,NaN,NaN,S2A,2.197395148,0.013593556,0.414530429
8/10/21,2,NaN,NaN,NaN,S2A,3.660746488,0.010131556,0.252197778
8/10/21,3,NaN,NaN,NaN,S2A,2.38233206,0.012780668,0.38313967
8/10/21,4,NaN,NaN,NaN,S2A,2.293640971,0.011115334,0.400293979
8/10/21,5,NaN,NaN,NaN,S2A,2.06571622,0.013824668,0.440358086
8/10/21,6,3.221486401,0.010428668,0.285898561,S2A,2.472882392,0.010855112,0.37172601
8/10/21,7,2.274107017,0.012801112,0.402197862,S2A,1.599129428,0.015395112,0.565868479
8/10/21,8,4.165197326,0.010905779,0.224227076,S2A,2.518200996,0.012033556,0.363815492
8/10/21,9,3.087128168,0.01245089,0.299406747,S2A,2.202572363,0.013442223,0.414806536
8/10/21,10,NaN,NaN,NaN,S2A,1.231279401,0.012128223,0.74343809
8/10/21,11,3.546595393,0.011141112,0.25952264,S2A,2.244077921,0.01288289,0.406723659
8/10/21,12,NaN,NaN,NaN,S2A,2.418364452,0.013313112,0.376801132
8/10/21,13,3.211223466,0.012826223,0.285152966,S2A,2.074693571,0.014593334,0.437605589
8/10/21,14,3.087791086,0.012565334,0.296630157,S2A,2.324339244,0.013552445,0.391750639
8/10/21,15,3.321459087,0.009724668,0.278591757,S2A,2.369151228,0.011462445,0.387340358
8/10/21,16,2.324492395,0.01109289,0.39597479,S2A,1.692815792,0.012742223,0.539345713
8/10/21,17,NaN,NaN,NaN,S2A,1.347619606,0.013335334,0.677536814
8/10/21,18,1.511500156,0.012483556,0.603547154,S2A,1.28623743,0.01491689,0.704686467
8/10/21,19,2.897758333,0.011866223,0.316169301,S2A,2.170163663,0.013041334,0.420208097
8/10/21,20,2.089370539,0.013047556,0.438449526,S2A,1.707406099,0.015026223,0.53276793
8/10/21,21,2.998463116,0.011653556,0.306833197,S2A,2.018513091,0.01359689,0.450859789
8/10/21,22,3.034109334,0.00955489,0.304853822,S2A,2.188242065,0.011385556,0.419433814
8/10/21,23,2.329257007,0.013644001,0.391621283,S2A,1.888154536,0.014423779,0.48072328
8/10/21,24,5.006167904,0.012096001,0.185227549,S2A,3.645634558,0.012400223,0.251156002
8/10/21,25,2.757008175,0.012013779,0.334599491,S2A,2.025643014,0.013356668,0.452064747
8/10/21,26,5.683335531,0.01023489,0.174144745,S2A,5.328162274,0.01016689,0.179942642
8/10/21,27,2.070354199,0.011410668,0.442525607,S2A,1.647795521,0.013656001,0.552228004
8/10/21,28,1.897590866,0.011455779,0.483738497,S2A,1.607863092,0.013566445,0.566347544
8/10/21,29,2.80545765,0.012743779,0.326061652,S2A,2.112635406,0.013758223,0.431235558
8/10/21,30,2.859765358,0.012691112,0.32241865,S2A,2.043775472,0.01348089,0.449228963
8/10/21,31,1.999337462,0.012270445,0.458121929,S2A,1.631096862,0.014054001,0.557391048
8/10/21,32,1.663534477,0.01383489,0.548447358,S2A,1.31814799,0.017090001,0.681714961
8/10/21,33,5.360079367,0.01059489,0.176789192,S2A,4.972871181,0.010582445,0.187650617
8/10/21,34,5.57945105,0.010746223,0.166115995,S2A,5.104805148,0.010090223,0.183552297
8/10/21,35,4.075876101,0.012163334,0.226123217,S2A,3.474018274,0.012008668,0.264104917
8/10/21,36,NaN,0.011339779,NaN,S2A,1.217140454,0.012609334,0.748008255
8/10/21,37,2.280049559,0.010980445,0.402146711,S2A,1.897333693,0.013130223,0.481409061
8/10/21,38,2.054192758,0.011716001,0.446095884,S2A,1.612763535,0.013920001,0.563680083
8/10/21,39,2.158940552,0.012389556,0.423969996,S2A,1.721884322,0.014149556,0.528335871
8/10/21,40,1.902225925,0.012228445,0.481127242,S2A,1.541363764,0.014094668,0.589442806
8/10/21,41,5.231342415,0.011881556,0.177274254,S2A,4.188635449,0.01156889,0.222580401
8/10/21,42,5.091172613,0.009323779,0.191806879,S2A,4.837276002,0.009092223,0.193182319
8/10/21,43,6.56161294,0.01111689,0.153786629,S2A,4.662745993,0.011690668,0.198491118
8/10/21,44,2.449106311,0.011883112,0.375263342,S2A,3.068754064,0.012957334,0.297732971
8/10/21,45,2.329666329,0.011950001,0.393335413,S2A,1.836661033,0.013558223,0.495738363
8/10/21,46,2.072765912,0.011745556,0.443300698,S2A,1.996172202,0.012506668,0.457960282
8/10/21,47,NaN,NaN,NaN,S2A,1.921334922,0.01249889,0.47558377
8/10/21,48,NaN,NaN,NaN,S2A,2.163574077,0.008672001,0.424107782
8/10/21,49,NaN,NaN,NaN,S2A,1.378094115,0.015138223,0.656855114
8/10/21,50,NaN,NaN,NaN,S2A,4.026953089,0.010258445,0.2292017
8/10/21,51,NaN,NaN,NaN,S2A,1.443278587,0.012953334,0.633976952
8/10/21,52,NaN,NaN,NaN,S2A,3.153932846,0.010768223,0.291751092
8/10/21,53,NaN,NaN,NaN,S2A,1.981247767,0.013983334,0.458969204
8/10/21,54,NaN,NaN,NaN,S2A,1.997579839,0.013475779,0.456262202
8/10/21,55,NaN,NaN,NaN,S2A,2.076525529,0.012856445,0.439574725
8/10/21,56,NaN,0.005586001,NaN,S2A,3.685308164,0.007106223,0.252789823
8/10/21,57,2.794465778,0.01242889,0.328270872,S2A,2.038528854,0.013855556,0.446715976
8/10/21,58,NaN,NaN,NaN,S2A,1.328816545,0.012937334,0.693650713
8/10/21,59,NaN,NaN,NaN,S2A,2.214090014,0.011394223,0.414877259
8/10/21,60,NaN,NaN,NaN,S2A,2.925061052,0.011873779,0.313301405
8/10/21,61,NaN,NaN,NaN,S2A,1.910286578,0.014703556,0.475341471
8/10/21,62,2.324461243,0.01264689,0.398950095,S2A,1.624338583,0.014834445,0.558233976
8/10/21,63,3.083650531,0.012130445,0.297239735,S2A,1.96985953,0.014141112,0.461218279
8/10/21,64,2.570928718,0.012539112,0.356057545,S2A,1.917509263,0.014123334,0.474072653
8/10/21,65,2.643751214,0.012335779,0.347642208,S2A,1.837510212,0.014137334,0.495848944
8/10/21,66,3.678062037,0.007285112,0.316944392,S2A,3.162663781,0.008256223,0.293258046
8/10/21,67,NaN,NaN,NaN,S2A,1.268069709,0.014373334,0.716036827
8/10/21,68,3.692600516,0.011003112,0.248990341,S2A,2.018197148,0.013501334,0.451736193
8/10/21,69,NaN,NaN,NaN,S2A,1.684724436,0.012950668,0.541845625
8/10/21,70,3.069254062,0.012189112,0.299249803,S2A,1.914864317,0.013875779,0.47550003
8/10/21,71,3.796121869,0.012153779,0.242027526,S2A,2.352516347,0.013144445,0.387841294
8/10/21,72,3.240807204,0.013100445,0.28294049,S2A,1.988862701,0.014975334,0.455487204
8/10/21,73,5.010003161,0.011876001,0.183380071,S2A,2.716576414,0.013420001,0.33541352
8/10/21,74,3.673221106,0.011804001,0.250876438,S2A,2.636121086,0.012318001,0.349016244
8/10/21,75,3.335621106,0.011365112,0.275545129,S2A,2.346819776,0.013003556,0.389616842
8/10/21,76,3.600168315,0.00870089,0.259138824,S2A,2.549652288,0.010074223,0.361592842
8/10/21,77,2.592644343,0.010747556,0.360950362,S2A,2.038430671,0.013359334,0.457265226
8/10/21,78,NaN,NaN,NaN,S2A,1.437260331,0.01334289,0.634307513
8/10/21,79,1.831776574,0.010930223,0.500753579,S2A,1.518579452,0.013424668,0.599890801
8/10/21,80,NaN,NaN,NaN,S2A,1.795237774,0.012846223,0.50831195
8/10/21,81,2.277677088,0.011711779,0.40227669,S2A,1.757354747,0.013479112,0.518078911
8/10/21,82,2.697512047,0.011553334,0.340639988,S2A,1.813509029,0.013088001,0.502943445
8/10/21,83,2.879769253,0.011363334,0.31868422,S2A,1.916314886,0.01352889,0.475208527
8/10/21,84,2.443102316,0.011761779,0.376099072,S2A,1.77977425,0.014039556,0.510927594
8/10/21,85,3.748896159,0.00998889,0.24808211,S2A,2.335561667,0.011703556,0.392485189
8/10/21,86,1.471602826,0.011741334,0.625167391,S2A,1.281369093,0.014385556,0.70975142
8/10/21,87,3.853361107,0.012193112,0.237745868,S2A,2.440892817,0.014120668,0.372307961
8/10/21,88,2.591897802,0.01212489,0.353784547,S2A,2.206739262,0.013458251,0.413015962
8/10/21,89,5.513597722,0.011754445,0.168860221,S2A,3.983743999,0.012008001,0.230187774
8/10/21,90,2.323530851,0.012807556,0.393623888,S2A,1.923058302,0.014546668,0.472039417
8/10/21,91,4.687122616,0.01013289,0.218782068,S2A,4.616395502,0.010278001,0.206053948
8/10/21,92,NaN,0.005568668,NaN,S2A,1.489191858,0.011460223,0.617043788
8/10/21,93,NaN,0.010652001,NaN,S2A,1.512140185,0.01215289,0.605345135
8/10/21,94,NaN,0.011737556,NaN,S2A,1.399119055,0.013905112,0.650183473
8/10/21,95,NaN,0.012393112,NaN,S2A,1.254849791,0.01518689,0.721188724
8/10/21,96,1.638431016,0.012474445,0.557698591,S2A,1.334378259,0.014816001,0.679162483
8/10/21,97,1.744600184,0.012451556,0.525429552,S2A,1.543778453,0.015261334,0.58705184
8/10/21,98,2.285127264,0.011744223,0.402625378,S2A,1.957647842,0.013835334,0.464582105
8/10/21,99,2.353429294,0.013074668,0.387965174,S2A,1.593600337,0.01549489,0.567169821
8/10/21,100,1.977674076,0.013059112,0.461926731,S2A,1.554697763,0.015317112,0.581711598
8/10/21,101,3.237720346,0.012027779,0.28668827,S2A,2.207588765,0.013825779,0.412001915
8/10/21,102,3.901317531,0.011705779,0.235344481,S2A,2.4393339,0.013130001,0.376178012
8/10/21,103,5.464836233,0.011629112,0.168838131,S2A,4.123587492,0.011759556,0.225278513
8/10/21,104,5.288992565,0.010827112,0.186720785,S2A,5.58945777,0.010596668,0.167071724
8/10/21,105,4.509432244,0.009825779,0.22458296,S2A,6.148688947,0.009849112,0.1547283
8/10/21,106,4.155763035,0.008449779,0.223076975,S2A,4.508623366,0.00846489,0.205382126
8/10/21,107,NaN,0.012340223,NaN,S2A,1.250076651,0.015006001,0.729137672
8/10/21,108,1.819394984,0.011385334,0.504893363,S2A,1.431295516,0.013682001,0.63576441
8/10/21,109,2.366993398,0.011279334,0.38735057,S2A,1.766672435,0.013416001,0.516066401
8/10/21,110,1.821345905,0.011789556,0.503796498,S2A,1.517106441,0.014138668,0.599049095
8/10/21,111,2.009383225,0.012646445,0.454870446,S2A,1.667574018,0.014040445,0.544858633
8/10/21,112,2.39835603,0.012195556,0.381662821,S2A,1.95949358,0.013996001,0.463950104
8/10/21,113,2.351789306,0.01295889,0.390122723,S2A,1.895946084,0.01418089,0.479976392
8/10/21,114,3.033588932,0.01242689,0.302242507,S2A,2.401933086,0.013782668,0.379126931
8/10/21,115,2.847594711,0.013447112,0.323053777,S2A,2.068416715,0.014574668,0.439809233
8/10/21,116,2.196961581,0.013889334,0.414868735,S2A,1.869618808,0.01600289,0.483080055
8/10/21,117,1.54874798,0.014088668,0.589788942,S2A,1.235385372,0.016634001,0.729203516
8/10/21,118,6.124809927,0.010961779,0.164282424,S2A,5.675418794,0.011086223,0.163796911
8/10/21,119,3.236048322,0.011633556,0.28400816,S2A,2.861851526,0.012492445,0.319788438
8/10/21,120,5.387314866,0.01084289,0.171998737,S2A,5.302805067,0.010173112,0.17712702
8/10/21,121,5.258477704,0.010387556,0.189849463,S2A,4.614797296,0.00932089,0.204533592
8/10/21,122,4.348599988,0.008781334,0.212837262,S2A,4.688380626,0.008601556,0.197454122
8/10/21,123,NaN,0.005602001,NaN,S2A,1.350300393,0.012970223,0.675592395
8/10/21,124,NaN,0.011293334,NaN,S2A,1.847720317,0.01304289,0.493494645
8/10/21,125,NaN,0.012083556,NaN,S2A,1.215560637,0.015087112,0.745473913
8/10/21,126,NaN,0.010803334,NaN,S2A,1.775058304,0.013086223,0.513651323
8/10/21,127,2.584591103,0.011084668,0.355399434,S2A,1.974982216,0.012419334,0.462609671
8/10/21,128,2.687508668,0.011715556,0.341231112,S2A,1.965688475,0.013058223,0.46409343
8/10/21,129,2.213186821,0.012753112,0.413245156,S2A,1.549103166,0.015012001,0.584563232
8/10/21,130,2.139768892,0.012603556,0.427286797,S2A,1.668640181,0.014536223,0.543894002
8/10/21,131,2.091662327,0.011815334,0.441016186,S2A,1.567329283,0.014471556,0.579694606
8/10/21,132,1.408468255,0.010808223,0.651025112,S2A,1.29917184,0.013731334,0.700284611
8/10/21,133,4.244606087,0.012467556,0.221281763,S2A,3.005485026,0.013164445,0.306889642
8/10/21,134,3.463170287,0.013451334,0.26520046,S2A,2.716788587,0.014144223,0.335986943
8/10/21,135,5.949807547,0.01234489,0.158226516,S2A,4.750521562,0.012239334,0.195537096
8/10/21,136,4.772500036,0.008443556,0.194012465,S2A,5.176702489,0.007821556,0.179218853
8/10/21,137,4.776693728,0.008891779,0.197154741,S2A,4.784431368,0.008000445,0.193850249
8/10/21,138,NaN,0.003362001,NaN,S2A,0.791120589,0.013437556,1.151282584
8/10/21,139,NaN,0.011254001,NaN,S2A,1.920230413,0.013364668,0.474612559
8/10/21,140,2.345549423,0.011343779,0.391198753,S2A,1.753203126,0.013681556,0.520481929
8/10/21,141,2.082521618,0.013778223,0.43749357,S2A,1.565906953,0.01631089,0.575744701
8/10/21,142,5.271366011,0.012025779,0.177838713,S2A,3.620766955,0.012869779,0.252870237
8/10/21,143,2.522103396,0.011099779,0.364248998,S2A,2.144358409,0.012688223,0.425752614
8/10/21,144,5.038153319,0.011853334,0.186204744,S2A,3.424424434,0.012444001,0.268908439
8/10/21,145,2.003811704,0.010656668,0.458019055,S2A,1.627921175,0.012978001,0.561666589
8/10/21,146,2.402081025,0.01172489,0.381664642,S2A,1.783299768,0.013721556,0.510510949
8/10/21,147,1.903011094,0.011272445,0.482848865,S2A,1.553382487,0.013015779,0.587065825
8/10/21,148,1.949673284,0.012375112,0.469963365,S2A,1.538949651,0.013938001,0.591772743
8/10/21,149,3.055342589,0.011027112,0.30191253,S2A,2.054968555,0.012400001,0.445309574
8/10/21,150,3.049615165,0.011473779,0.302877154,S2A,2.131961985,0.012343334,0.429575056
7/9/21,1,NaN,NaN,NaN,S2B,0.947417481,0.016729334,0.951130459
7/9/21,2,NaN,NaN,NaN,S2B,0.979472331,0.017699112,0.917198351
7/9/21,3,NaN,NaN,NaN,S2B,1.121357572,0.020093556,0.792610203
7/9/21,4,NaN,0.011219556,NaN,S2B,0.599916863,0.015034001,1.529296442
7/9/21,5,1.33386215,0.014791112,0.680575158,S2B,1.046592579,0.01829089,0.855307
7/9/21,6,NaN,NaN,NaN,S2B,1.119266601,0.016400001,0.80518212
7/9/21,7,NaN,NaN,NaN,S2B,0.956461054,0.01869689,0.934180184
7/9/21,8,NaN,NaN,NaN,S2B,1.248217773,0.01685089,0.721361926
7/9/21,9,NaN,NaN,NaN,S2B,1.06097373,0.016831112,0.84919792
7/9/21,10,NaN,NaN,NaN,S2B,0.528067955,0.012667556,1.726614636
7/9/21,11,NaN,NaN,NaN,S2B,0.729961584,0.016378445,1.235710221
7/9/21,12,NaN,NaN,NaN,S2B,0.918727849,0.019286445,0.970734697
7/9/21,13,0.884663854,0.011776001,1.033238928,S2B,0.874052972,0.015906001,1.033091782
7/9/21,14,NaN,NaN,NaN,S2B,0.986655236,0.01809489,0.907527184
7/9/21,15,NaN,NaN,NaN,S2B,1.348639153,0.014882001,0.67222109
7/9/21,16,NaN,NaN,NaN,S2B,0.691162582,0.014220668,1.314879351
7/9/21,17,NaN,NaN,NaN,S2B,0.727536295,0.013427334,1.266018336
7/9/21,18,NaN,NaN,NaN,S2B,0.73969953,0.014814001,1.226375539
7/9/21,19,NaN,NaN,NaN,S2B,0.77871977,0.015618001,1.160337696
7/9/21,20,NaN,NaN,NaN,S2B,0.954496525,0.01772089,0.941613731
7/9/21,21,NaN,NaN,NaN,S2B,0.787079512,0.016693556,1.144020017
7/9/21,22,NaN,NaN,NaN,S2B,1.38647297,0.011667112,0.66078675
7/9/21,23,NaN,NaN,NaN,S2B,1.030780587,0.016120001,0.875908754
7/9/21,24,NaN,NaN,NaN,S2B,1.272307521,0.018819112,0.701980051
7/9/21,25,NaN,NaN,NaN,S2B,NaN,NaN,NaN
7/9/21,26,NaN,NaN,NaN,S2B,NaN,NaN,NaN
7/9/21,27,NaN,NaN,NaN,S2B,0.62032351,0.014420001,1.463709563
7/9/21,28,NaN,NaN,NaN,S2B,0.628131702,0.012852001,1.45162434
7/9/21,29,NaN,NaN,NaN,S2B,0.897428112,0.015574223,1.006963672
7/9/21,30,NaN,NaN,NaN,S2B,NaN,NaN,NaN
7/9/21,31,NaN,NaN,NaN,S2B,0.918892038,0.015789112,0.982589618
7/9/21,32,NaN,NaN,NaN,S2B,0.701485706,0.016150001,1.290616025
7/9/21,33,NaN,NaN,NaN,S2B,NaN,NaN,NaN
7/9/21,34,NaN,NaN,NaN,S2B,NaN,NaN,NaN
7/9/21,35,NaN,NaN,NaN,S2B,1.238050189,0.016672001,0.726916608
7/9/21,36,NaN,NaN,NaN,S2B,0.779704435,0.015002001,1.163940599
7/9/21,37,NaN,NaN,NaN,S2B,0.756631949,0.013424445,1.208010937
7/9/21,38,NaN,NaN,NaN,S2B,1.175011863,0.013666001,0.774932693
7/9/21,39,NaN,NaN,NaN,S2B,0.873209432,0.014324223,1.040887216
7/9/21,40,NaN,NaN,NaN,S2B,0.881821421,0.015349112,1.026606269
7/9/21,41,NaN,NaN,NaN,S2B,1.27330075,0.019628667,0.700290082
7/9/21,42,NaN,NaN,NaN,S2B,1.851917579,0.018257001,0.484294641
7/9/21,43,NaN,NaN,NaN,S2B,1.248469566,0.020199112,0.711784275
7/9/21,44,NaN,NaN,NaN,S2B,1.391163449,0.018562001,0.642653805
7/9/21,45,NaN,NaN,NaN,S2B,0.912602716,0.015106445,0.992092634
7/9/21,46,NaN,NaN,NaN,S2B,0.842486661,0.014349601,1.083824926
7/9/21,47,NaN,NaN,NaN,S2B,0.969211318,0.014884223,0.934744394
7/9/21,48,NaN,NaN,NaN,S2B,0.75444016,0.013100001,1.248490931
7/9/21,49,NaN,NaN,NaN,S2B,0.968891871,0.018165779,0.924031135
7/9/21,50,1.181072596,0.013713668,0.770489663,S2B,1.109812853,0.017829334,0.808225761
7/9/21,51,NaN,NaN,NaN,S2B,0.901635071,0.015636667,1.007226991
7/9/21,52,NaN,NaN,NaN,S2B,0.781758281,0.017601112,1.150939037
7/9/21,53,NaN,0.013723334,NaN,S2B,0.915792011,0.018668001,0.975673728
7/9/21,54,1.438640608,0.013120223,0.634257034,S2B,1.134053369,0.017118445,0.795496087
7/9/21,55,1.115567672,0.012088445,0.819088838,S2B,1.089363222,0.016515556,0.826811991
7/9/21,56,NaN,NaN,NaN,S2B,1.588105811,0.013769779,0.572642411
7/9/21,57,NaN,NaN,NaN,S2B,1.058428474,0.016434223,0.851413922
7/9/21,58,NaN,0.007566668,NaN,S2B,0.663665694,0.012517668,1.373877968
7/9/21,59,NaN,NaN,NaN,S2B,0.679592987,0.01543889,1.333401103
7/9/21,60,NaN,NaN,NaN,S2B,0.912426117,0.018309334,0.980664139
7/9/21,61,NaN,0.012014001,NaN,S2B,0.90114247,0.015866001,1.003797743
7/9/21,62,NaN,NaN,NaN,S2B,0.919848834,0.016176001,0.9816049
7/9/21,63,NaN,NaN,NaN,S2B,0.987860203,0.019347779,0.902278219
7/9/21,64,NaN,NaN,NaN,S2B,1.116816206,0.016000001,0.809055719
7/9/21,65,NaN,0.009722001,NaN,S2B,1.081673932,0.017633779,0.83101383
7/9/21,66,NaN,NaN,NaN,S2B,1.780383772,0.008750668,0.519600008
7/9/21,67,NaN,0.012204001,NaN,S2B,0.972064741,0.014492445,0.933163709
7/9/21,68,NaN,0.009978668,NaN,S2B,0.666758326,0.01506689,1.372533501
7/9/21,69,NaN,NaN,NaN,S2B,0.618982457,0.01460889,1.466419978
7/9/21,70,NaN,NaN,NaN,S2B,0.797521727,0.019157779,1.118257958
7/9/21,71,NaN,NaN,NaN,S2B,1.017786541,0.017557112,0.881517751
7/9/21,72,1.163971868,0.013448445,0.782400774,S2B,1.00218092,0.017330445,0.895924437
7/9/21,73,1.581209918,0.015378001,0.572233101,S2B,1.212454047,0.019000223,0.73608439
7/9/21,74,NaN,NaN,NaN,S2B,0.72484063,0.01411689,1.263228587
7/9/21,75,1.842202624,0.011324668,0.501035259,S2B,1.529531189,0.015161779,0.595776554
7/9/21,76,NaN,0.002666001,NaN,S2B,1.712333006,0.009876223,0.538253169
7/9/21,77,NaN,NaN,NaN,S2B,1.137351796,0.01476689,0.803119851
7/9/21,78,NaN,NaN,NaN,S2B,NaN,0.012159001,NaN
7/9/21,79,NaN,NaN,NaN,S2B,0.712677515,0.013815112,1.278635093
7/9/21,80,NaN,NaN,NaN,S2B,0.884345654,0.016132001,1.021393255
7/9/21,81,NaN,NaN,NaN,S2B,0.795127007,0.01601089,1.134618394
7/9/21,82,NaN,NaN,NaN,S2B,0.814261457,0.016028001,1.108028501
7/9/21,83,NaN,NaN,NaN,S2B,0.76111707,0.01610489,1.18534784
7/9/21,84,NaN,NaN,NaN,S2B,0.99346012,0.013781334,0.959571178
7/9/21,85,NaN,NaN,NaN,S2B,1.235021665,0.015743779,0.731197518
7/9/21,86,NaN,NaN,NaN,S2B,1.073739698,0.014578223,0.840190729
7/9/21,87,NaN,NaN,NaN,S2B,1.268417503,0.019255334,0.702957177
7/9/21,88,NaN,NaN,NaN,S2B,1.023313863,0.018147334,0.87481627
7/9/21,89,NaN,NaN,NaN,S2B,1.311306781,0.01853089,0.682256592
7/9/21,90,NaN,NaN,NaN,S2B,NaN,NaN,NaN
7/9/21,91,NaN,NaN,NaN,S2B,2.735637501,0.015988001,0.332242302
7/9/21,92,NaN,NaN,NaN,S2B,0.913909285,0.012757779,0.995193557
7/9/21,93,NaN,NaN,NaN,S2B,0.798956474,0.015340001,1.133301221
7/9/21,94,NaN,NaN,NaN,S2B,0.793938265,0.014427112,1.146750349
7/9/21,95,NaN,NaN,NaN,S2B,0.873864261,0.015605112,1.034516596
7/9/21,96,NaN,NaN,NaN,S2B,0.835218622,0.014369779,1.087209806
7/9/21,97,NaN,NaN,NaN,S2B,0.886718758,0.01634289,1.016414413
7/9/21,98,NaN,NaN,NaN,S2B,0.508923661,0.013350445,1.787845327
7/9/21,99,NaN,NaN,NaN,S2B,0.939667253,0.016488667,0.958597105
7/9/21,100,NaN,NaN,NaN,S2B,0.845994716,0.013960668,1.077948019
7/9/21,101,NaN,NaN,NaN,S2B,1.023882579,0.016897779,0.879000009
7/9/21,102,NaN,NaN,NaN,S2B,1.271569901,0.016990001,0.706942272
7/9/21,103,NaN,NaN,NaN,S2B,1.437104009,0.017570001,0.62418824
7/9/21,104,NaN,NaN,NaN,S2B,1.681366854,0.018184445,0.533289914
7/9/21,105,NaN,NaN,NaN,S2B,2.99614691,0.015506334,0.303297559
7/9/21,106,NaN,NaN,NaN,S2B,5.179167642,0.011949001,0.177010317
7/9/21,107,NaN,NaN,NaN,S2B,0.808618659,0.014839112,1.129163287
7/9/21,108,NaN,NaN,NaN,S2B,0.775821463,0.015998667,1.155656248
7/9/21,109,NaN,NaN,NaN,S2B,0.814177218,0.014513779,1.114193873
7/9/21,110,NaN,NaN,NaN,S2B,0.911246095,0.014654668,0.995563731
7/9/21,111,NaN,NaN,NaN,S2B,0.972470835,0.015617334,0.929058733
7/9/21,112,NaN,NaN,NaN,S2B,0.895975221,0.015691556,1.008832824
7/9/21,113,NaN,NaN,NaN,S2B,0.854589189,0.015109112,1.059393466
7/9/21,114,NaN,NaN,NaN,S2B,0.897068277,0.016233334,1.00720287
7/9/21,115,NaN,NaN,NaN,S2B,0.820219394,0.014685429,1.112315174
7/9/21,116,NaN,NaN,NaN,S2B,0.934267576,0.018439667,0.957399023
7/9/21,117,NaN,NaN,NaN,S2B,0.885728885,0.014064001,1.054749469
7/9/21,118,NaN,NaN,NaN,S2B,NaN,NaN,NaN
7/9/21,119,NaN,NaN,NaN,S2B,1.220370417,0.018085779,0.734044896
7/9/21,120,NaN,NaN,NaN,S2B,NaN,NaN,NaN
7/9/21,121,NaN,NaN,NaN,S2B,3.009368834,0.015313001,0.303074487
7/9/21,122,NaN,NaN,NaN,S2B,4.473526904,0.012565556,0.206205605
7/9/21,123,NaN,NaN,NaN,S2B,0.862001795,0.014256445,1.05832178
7/9/21,124,NaN,NaN,NaN,S2B,0.989235504,0.015775779,0.912832808
7/9/21,125,NaN,NaN,NaN,S2B,0.782640894,0.013926001,1.161844836
7/9/21,126,NaN,NaN,NaN,S2B,0.784526669,0.017239556,1.144898449
7/9/21,127,NaN,NaN,NaN,S2B,0.898818656,0.014545334,1.009181136
7/9/21,128,NaN,NaN,NaN,S2B,0.944171709,0.01479489,0.961500057
7/9/21,129,NaN,NaN,NaN,S2B,1.055844903,0.015626445,0.85572634
7/9/21,130,NaN,NaN,NaN,S2B,1.140685631,0.016062223,0.790818934
7/9/21,131,NaN,NaN,NaN,S2B,1.040612629,0.015404445,0.872271959
7/9/21,132,NaN,NaN,NaN,S2B,0.759458335,0.012759334,1.202951499
7/9/21,133,NaN,NaN,NaN,S2B,NaN,NaN,NaN
7/9/21,134,NaN,NaN,NaN,S2B,NaN,NaN,NaN
7/9/21,135,NaN,NaN,NaN,S2B,NaN,NaN,NaN
7/9/21,136,NaN,NaN,NaN,S2B,2.193070822,0.017023715,0.413914932
7/9/21,137,NaN,NaN,NaN,S2B,NaN,NaN,NaN
7/9/21,138,NaN,NaN,NaN,S2B,0.777092762,0.016144445,1.161331186
7/9/21,139,NaN,NaN,NaN,S2B,0.804401271,0.014725112,1.130923322
7/9/21,140,NaN,NaN,NaN,S2B,0.808218827,0.015768401,1.109518731
7/9/21,141,NaN,NaN,NaN,S2B,0.842052787,0.017755334,1.065615741
7/9/21,142,NaN,NaN,NaN,S2B,1.445413589,0.019223334,0.617540269
7/9/21,143,NaN,NaN,NaN,S2B,1.015636874,0.016090223,0.887998622
7/9/21,144,NaN,NaN,NaN,S2B,1.2999864,0.018343779,0.6917451
7/9/21,145,NaN,NaN,NaN,S2B,0.817829962,0.014979251,1.106944267
7/9/21,146,NaN,NaN,NaN,S2B,0.769941661,0.016067556,1.17262544
7/9/21,147,NaN,NaN,NaN,S2B,0.811824542,0.012968668,1.12379358
7/9/21,148,NaN,NaN,NaN,S2B,0.689649794,0.013548223,1.342875263
7/9/21,149,NaN,NaN,NaN,S2B,1.074082638,0.016622667,0.838299642
7/9/21,150,NaN,NaN,NaN,S2B,1.152188596,0.017974401,0.777821672
,,,,,,,,
,,,,,,,,
,,,,,,,,
,,,,,,,,
,,,,,,,,
,,,,,,,,
,,,,,,,,
,,,,,,,,
,,,,,,,,
,,,,,,,,
,,,,,,,,
,,,,,,,,
,,,,,,,,
,,,,,,,,
,,,,,,,,
,,,,,,,,
,,,,,,,,
,,,,,,,,
,,,,,,,,
,,,,,,,,
,,,,,,,,
,,,,,,,,
,,,,,,,,
,,,,,,,,
,,,,,,,,
,,,,,,,,
,,,,,,,,
,,,,,,,,
,,,,,,,,
,,,,,,,,
,,,,,,,,
,,,,,,,,
,,,,,,,,
,,,,,,,,
,,,,,,,,
,,,,,,,,
,,,,,,,,
,,,,,,,,
,,,,,,,,
,,,,,,,,
,,,,,,,,
,,,,,,,,
,,,,,,,,
,,,,,,,,
,,,,,,,,
,,,,,,,,
,,,,,,,,
,,,,,,,,
,,,,,,,,
,,,,,,,,
,,,,,,,,
,,,,,,,,
,,,,,,,,
,,,,,,,,
,,,,,,,,
,,,,,,,,
,,,,,,,,
,,,,,,,,
,,,,,,,,
,,,,,,,,
,,,,,,,,
,,,,,,,,
,,,,,,,,
,,,,,,,,
,,,,,,,,
,,,,,,,,
,,,,,,,,
,,,,,,,,
,,,,,,,,
,,,,,,,,
,,,,,,,,
,,,,,,,,
,,,,,,,,
,,,,,,,,
,,,,,,,,
,,,,,,,,
,,,,,,,,
,,,,,,,,
,,,,,,,,
,,,,,,,,
,,,,,,,,
,,,,,,,,
,,,,,,,,
,,,,,,,,
,,,,,,,,
,,,,,,,,
,,,,,,,,
,,,,,,,,
,,,,,,,,
,,,,,,,,
,,,,,,,,
,,,,,,,,
,,,,,,,,
,,,,,,,,
,,,,,,,,
,,,,,,,,
,,,,,,,,
,,,,,,,,
,,,,,,,,
,,,,,,,,
,,,,,,,,
,,,,,,,,
,,,,,,,,
,,,,,,,,
,,,,,,,,
,,,,,,,,
,,,,,,,,
,,,,,,,,
,,,,,,,,
,,,,,,,,
,,,,,,,,
,,,,,,,,
,,,,,,,,
,,,,,,,,
,,,,,,,,
,,,,,,,,
,,,,,,,,
,,,,,,,,
,,,,,,,,
,,,,,,,,
,,,,,,,,
,,,,,,,,
,,,,,,,,
,,,,,,,,
,,,,,,,,
,,,,,,,,
,,,,,,,,
,,,,,,,,
,,,,,,,,
,,,,,,,,
,,,,,,,,
,,,,,,,,
,,,,,,,,
,,,,,,,,
,,,,,,,,
,,,,,,,,
,,,,,,,,
,,,,,,,,
,,,,,,,,
,,,,,,,,
,,,,,,,,
,,,,,,,,
,,,,,,,,
,,,,,,,,
,,,,,,,,
,,,,,,,,
,,,,,,,,
,,,,,,,,
,,,,,,,,
,,,,,,,,
3/3/21,1,NaN,NaN,NaN,S2A,1.68142782,0.014563112,0.539452624
3/3/21,2,NaN,NaN,NaN,S2A,1.272780797,0.017108501,0.706501699
3/3/21,3,1.955647048,0.016475251,0.462034553,S2A,1.429332537,0.018072667,0.626548021
3/3/21,4,NaN,NaN,NaN,S2A,1.32191169,0.017137429,0.681272713
3/3/21,5,NaN,NaN,NaN,S2A,1.317081169,0.016795556,0.683200559
3/3/21,6,2.376126461,0.013528445,0.384620459,S2A,1.646146112,0.01599289,0.548182926
3/3/21,7,1.995089632,0.015795334,0.453824121,S2A,1.373127212,0.018335112,0.65250765
3/3/21,8,2.064543983,0.015045601,0.441912619,S2A,1.55985008,0.016640445,0.577713699
3/3/21,9,1.744277686,0.013626668,0.522170972,S2A,1.246161416,0.016553556,0.723047511
3/3/21,10,NaN,NaN,NaN,S2A,0.992112601,0.015910223,0.909749483
3/3/21,11,1.738665778,0.015019715,0.520958893,S2A,1.303048086,0.018119556,0.68726101
3/3/21,12,1.68737745,0.015395429,0.538334822,S2A,1.094831296,0.017683429,0.819230239
3/3/21,13,1.666171349,0.013131001,0.547739606,S2A,1.225498424,0.016601112,0.73562301
3/3/21,14,2.601237113,0.012834668,0.351800667,S2A,1.806790002,0.015284001,0.501146512
3/3/21,15,1.956350306,0.014349001,0.464477517,S2A,1.382913698,0.017438667,0.649340736
3/3/21,16,1.876263757,0.013520668,0.485235628,S2A,1.459749322,0.016766001,0.61639202
3/3/21,17,1.756569043,0.013054223,0.519190112,S2A,1.218758698,0.015974223,0.740606246
3/3/21,18,NaN,0.013015001,NaN,S2A,0.901557556,0.01599489,1.000730403
3/3/21,19,1.367646069,0.012987112,0.667209378,S2A,1.142973153,0.01630889,0.788660715
3/3/21,20,1.406813597,0.013043715,0.648737793,S2A,1.105639931,0.016900001,0.814384292
3/3/21,21,1.75993319,0.015757144,0.517176333,S2A,1.297941267,0.018301556,0.689444708
3/3/21,22,1.981793524,0.014513112,0.4580853,S2A,1.401748434,0.018049779,0.639371766
3/3/21,23,2.025844689,0.012766001,0.452489112,S2A,1.476747835,0.015919556,0.614309588
3/3/21,24,2.16913732,0.013405001,0.420556946,S2A,1.539147963,0.016558001,0.585237067
3/3/21,25,2.02174564,0.014777334,0.449895265,S2A,1.465943208,0.017515334,0.612493436
3/3/21,26,4.098628261,0.011819112,0.224568121,S2A,2.503612173,0.013771112,0.363861791
3/3/21,27,1.512030168,0.013641779,0.60180146,S2A,1.170074061,0.017141334,0.767952123
3/3/21,28,1.475672045,0.012861001,0.618495396,S2A,1.165865669,0.016176223,0.773430674
3/3/21,29,1.364408908,0.012457601,0.671183353,S2A,1.104800505,0.016117501,0.816281194
3/3/21,30,1.767749558,0.011877334,0.518084409,S2A,1.294551896,0.015770001,0.697669542
3/3/21,31,1.617685274,0.012145334,0.565443555,S2A,1.229121079,0.015722287,0.734736832
3/3/21,32,2.275296376,0.013832572,0.401720179,S2A,1.607125784,0.017073112,0.559355422
3/3/21,33,4.413797429,0.010656751,0.209531957,S2A,3.038655915,0.012188668,0.301699771
3/3/21,34,5.252968343,0.010751501,0.177013065,S2A,3.377842473,0.012536668,0.270764558
3/3/21,35,2.493784976,0.012404572,0.367185457,S2A,1.906004502,0.014893112,0.475444688
3/3/21,36,1.151229304,0.013125112,0.797555985,S2A,0.958487709,0.016873001,0.937063581
3/3/21,37,0.960756347,0.012303334,0.953190372,S2A,0.948572601,0.015454667,0.953233011
3/3/21,38,2.028098953,0.012844251,0.450083238,S2A,1.501901683,0.015194667,0.603192905
3/3/21,39,2.009874041,0.013072001,0.454579206,S2A,1.514123813,0.015760445,0.596472828
3/3/21,40,1.50392104,0.012145751,0.608497819,S2A,1.176956442,0.015926501,0.766818054
3/3/21,41,2.563823501,0.013270572,0.359070223,S2A,1.859369941,0.015066667,0.48810949
3/3/21,42,3.694138752,0.011587112,0.251538696,S2A,2.442580803,0.013434223,0.373206082
3/3/21,43,3.404481199,0.013206751,0.268230523,S2A,2.428474255,0.015029112,0.372930034
3/3/21,44,3.841758562,0.013267112,0.23852968,S2A,2.452834451,0.015315112,0.369071399
3/3/21,45,1.428376963,0.012339112,0.640595958,S2A,1.169791944,0.015758001,0.772010416
3/3/21,46,1.654550874,0.012013751,0.554206783,S2A,1.302781429,0.01493889,0.695301428
3/3/21,47,NaN,NaN,NaN,S2A,1.175104343,0.017929751,0.762635457
3/3/21,48,NaN,NaN,NaN,S2A,1.319184714,0.015937667,0.686263983
3/3/21,49,NaN,NaN,NaN,S2A,1.690064875,0.016046001,0.533991396
3/3/21,50,NaN,NaN,NaN,S2A,1.224115049,0.016131001,0.736685231
3/3/21,51,NaN,NaN,NaN,S2A,1.193880552,0.013791112,0.762685346
3/3/21,52,NaN,NaN,NaN,S2A,1.43626737,0.017637751,0.624688872
3/3/21,53,NaN,NaN,NaN,S2A,1.177947838,0.017054801,0.763165184
3/3/21,54,NaN,NaN,NaN,S2A,1.464803948,0.017493779,0.612619661
3/3/21,55,2.032752303,0.014733112,0.44618141,S2A,1.500944715,0.016997779,0.598930978
3/3/21,56,2.181520324,0.015932223,0.415100932,S2A,1.529000358,0.017926001,0.586025135
3/3/21,57,1.865274771,0.014280001,0.486918838,S2A,1.325740003,0.017230251,0.67775225
3/3/21,58,NaN,NaN,NaN,S2A,0.948429803,0.015696334,0.952255779
3/3/21,59,NaN,NaN,NaN,S2A,1.137940833,0.017675112,0.788317109
3/3/21,60,NaN,NaN,NaN,S2A,1.452067742,0.017892667,0.617489689
3/3/21,61,1.761945549,0.013553001,0.516457619,S2A,1.373194274,0.016782751,0.65516482
3/3/21,62,2.047476793,0.015422445,0.444095252,S2A,1.39369531,0.018455112,0.643465254
3/3/21,63,2.095020081,0.015684572,0.431912344,S2A,1.515767439,0.018362667,0.590234882
3/3/21,64,1.801193514,0.014965112,0.503859467,S2A,1.31968624,0.018005556,0.679396254
3/3/21,65,1.690996299,0.014087501,0.537280836,S2A,1.187948086,0.017581144,0.755843556
3/3/21,66,2.173040631,0.013934751,0.418620704,S2A,1.528764444,0.016559001,0.589073577
3/3/21,67,1.360893774,0.013174001,0.670065589,S2A,1.040734986,0.016200445,0.866361726
3/3/21,68,1.333955827,0.014099334,0.681275529,S2A,1.026160644,0.017120667,0.875622962
3/3/21,69,1.370933186,0.01498889,0.660688475,S2A,1.10221073,0.016002751,0.818966534
3/3/21,70,1.861764042,0.015400858,0.487841633,S2A,1.397026661,0.017449112,0.642550402
3/3/21,71,1.623733149,0.014853001,0.564359017,S2A,1.232213696,0.017018501,0.729708986
3/3/21,72,1.500622638,0.014245715,0.610057616,S2A,1.172034324,0.016706001,0.767788276
3/3/21,73,1.541230123,0.012469751,0.594196879,S2A,1.210441571,0.015785556,0.746402349
3/3/21,74,2.937304917,0.013557112,0.312126675,S2A,1.843879138,0.016901556,0.488404608
3/3/21,75,2.431322415,0.013670668,0.374967591,S2A,1.70612951,0.016193556,0.528611308
3/3/21,76,1.999523203,0.013928668,0.457677444,S2A,1.467646764,0.016640667,0.613524321
3/3/21,77,1.786713838,0.013358223,0.519925956,S2A,1.342873974,0.017301501,0.671966686
3/3/21,78,NaN,0.007902668,NaN,S2A,1.117439505,0.009671779,0.826023107
3/3/21,79,2.052974708,0.013362668,0.443904636,S2A,1.55121289,0.015993779,0.582078573
3/3/21,80,1.993199883,0.011669751,0.459832972,S2A,1.538900937,0.013692445,0.591293217
3/3/21,81,1.412887683,0.012903251,0.645987599,S2A,1.140201621,0.016162223,0.790899019
3/3/21,82,1.460196593,0.014589715,0.623912538,S2A,1.091109778,0.01655889,0.825267686
3/3/21,83,1.25420208,0.013040001,0.728730695,S2A,1.045373941,0.016488001,0.861652283
3/3/21,84,1.431636276,0.013917668,0.635049353,S2A,1.135858189,0.017704445,0.789438947
3/3/21,85,2.373851651,0.013479144,0.384435198,S2A,1.659609595,0.016063779,0.543620941
3/3/21,86,1.658504359,0.015061334,0.547395707,S2A,1.252017669,0.018487556,0.714429281
3/3/21,87,2.815099584,0.012198501,0.326543249,S2A,1.697137616,0.015275556,0.535265516
3/3/21,88,3.214394167,0.012218223,0.284930667,S2A,2.103079293,0.014173334,0.432013938
3/3/21,89,2.27531113,0.013777251,0.403124208,S2A,1.673831094,0.016246001,0.538986827
3/3/21,90,1.887818602,0.015045001,0.481474691,S2A,1.407601055,0.017614667,0.63749872
3/3/21,91,3.483067157,0.012760223,0.264626498,S2A,2.466609471,0.014086223,0.368428251
3/3/21,92,0.355277497,0.005859556,2.62729495,S2A,0.984780064,0.007968223,0.942457597
3/3/21,93,1.855844663,0.013083556,0.491700993,S2A,1.422600668,0.016558445,0.633033561
3/3/21,94,2.130246345,0.01399489,0.427918505,S2A,1.528809223,0.017336001,0.587460611
3/3/21,95,NaN,0.012825001,NaN,S2A,0.843687568,0.014688001,1.074773436
3/3/21,96,0.831406024,0.012686001,1.096411088,S2A,NaN,NaN,NaN
3/3/21,97,1.1065545,0.012253429,0.82644724,S2A,0.994530555,0.015299334,0.912166391
3/3/21,98,NaN,NaN,NaN,S2A,1.003392686,0.015742001,0.900130262
3/3/21,99,1.369448804,0.013075556,0.668539309,S2A,1.194400229,0.016920751,0.753160577
3/3/21,100,2.273230891,0.014224801,0.40066966,S2A,1.598400058,0.017312223,0.562035811
3/3/21,101,2.354995852,0.012867556,0.39012578,S2A,1.655678128,0.015549112,0.546686304
3/3/21,102,2.584366312,0.011910001,0.35496513,S2A,1.875128975,0.014590668,0.483703497
3/3/21,103,2.106574724,0.013280001,0.435017095,S2A,1.497995425,0.016051112,0.602561629
3/3/21,104,2.77248059,0.013447501,0.332430717,S2A,1.873640599,0.015917112,0.482134481
3/3/21,105,3.962236891,0.012083751,0.231981847,S2A,2.580426165,0.01386289,0.353187997
3/3/21,106,5.566568741,0.010492751,0.174111046,S2A,3.764952226,0.011806668,0.24398754
3/3/21,107,1.00654961,0.012299501,0.908781324,S2A,0.955802233,0.015503001,0.945540592
3/3/21,108,1.20162955,0.012942751,0.758462356,S2A,1.102420604,0.01711689,0.815081293
3/3/21,109,1.503805241,0.013225144,0.605983034,S2A,1.244935704,0.016694001,0.722905047
3/3/21,110,2.136806696,0.014352501,0.427817125,S2A,1.480240371,0.017615112,0.606446079
3/3/21,111,2.170355944,0.012581251,0.421418342,S2A,1.539887996,0.015917112,0.586150172
3/3/21,112,1.772460952,0.013086001,0.515093975,S2A,1.160945584,0.015819001,0.777580525
3/3/21,113,2.148379196,0.012675715,0.42827023,S2A,1.572958819,0.015892001,0.57566257
3/3/21,114,1.547212314,0.014429601,0.593459429,S2A,1.165137358,0.016393001,0.77325307
3/3/21,115,1.468775052,0.014320001,0.621992109,S2A,1.202362685,0.016966445,0.747970608
3/3/21,116,2.279171633,0.013701144,0.405604057,S2A,1.840290841,0.015028445,0.492216844
3/3/21,117,1.473489959,0.01430289,0.618233775,S2A,1.187878791,0.018265112,0.754611443
3/3/21,118,3.371633627,0.012050501,0.283904334,S2A,2.201069285,0.01419889,0.413316193
3/3/21,119,2.9267146,0.012241001,0.312884768,S2A,1.807509342,0.014592668,0.502265391
3/3/21,120,5.146483759,0.010930001,0.179812763,S2A,3.310479556,0.012569501,0.275947875
3/3/21,121,4.156798432,0.012518751,0.223138116,S2A,2.394583774,0.014970445,0.378825735
3/3/21,122,4.856690439,0.011186001,0.199637768,S2A,3.681240853,0.012344668,0.248656111
3/3/21,123,1.672167628,0.013574223,0.545563468,S2A,1.28111545,0.017285556,0.701150302
3/3/21,124,1.226250216,0.013103429,0.744178176,S2A,1.06653319,0.01671689,0.843811651
3/3/21,125,1.046479466,0.012196445,0.874114204,S2A,0.991522115,0.015727334,0.910964752
3/3/21,126,1.513798238,0.014002223,0.600956306,S2A,1.182206299,0.017850001,0.758072444
3/3/21,127,1.992694414,0.013578668,0.457515676,S2A,1.441855767,0.016822001,0.623918299
3/3/21,128,1.707156804,0.013479112,0.534710204,S2A,1.271194877,0.016575501,0.708744061
3/3/21,129,1.362277318,0.016122858,0.662255013,S2A,1.112095801,0.019386001,0.801430618
3/3/21,130,2.268774532,0.013635251,0.40316205,S2A,1.642832376,0.015645556,0.549954953
3/3/21,131,1.227993091,0.011854251,0.747004991,S2A,1.032175819,0.015530001,0.875523915
3/3/21,132,1.304802466,0.011903556,0.702576395,S2A,1.08939359,0.015407429,0.830073261
3/3/21,133,2.001344388,0.013601715,0.455238204,S2A,1.434644822,0.016251112,0.628692295
3/3/21,134,2.457053749,0.012440287,0.372896581,S2A,1.687383023,0.015271112,0.53621617
3/3/21,135,3.299819974,0.012492858,0.278302736,S2A,2.353458102,0.014106001,0.386199548
3/3/21,136,4.846576923,0.009602001,0.199104129,S2A,4.062149523,0.01074489,0.226413616
3/3/21,137,5.14277101,0.009757779,0.188256916,S2A,4.21451137,0.011024223,0.218437656
3/3/21,138,1.465793824,0.012335556,0.624037684,S2A,1.20200917,0.016477556,0.750031609
3/3/21,139,1.549648095,0.012754001,0.589331086,S2A,1.197170081,0.016748667,0.751825502
3/3/21,140,1.775483747,0.013755251,0.515768718,S2A,1.333002627,0.016483112,0.676184368
3/3/21,141,2.011118355,0.015624667,0.451566486,S2A,1.45297386,0.01852689,0.615507683
3/3/21,142,2.711372962,0.015494001,0.343194308,S2A,1.987492626,0.017308445,0.453014592
3/3/21,143,3.678960769,0.011563779,0.252365539,S2A,2.294548578,0.01368689,0.397327349
3/3/21,144,2.859786512,0.01252289,0.320218526,S2A,1.741251038,0.015084445,0.52029355
3/3/21,145,1.981787983,0.013637556,0.460290896,S2A,1.426895686,0.016147112,0.632751643
3/3/21,146,1.753279684,0.014191779,0.518710067,S2A,1.327690396,0.017729779,0.675653695
3/3/21,147,1.779557903,0.013447779,0.51190213,S2A,1.288077064,0.016761112,0.699238684
3/3/21,148,1.523231269,0.015339334,0.594343501,S2A,1.174717306,0.018554667,0.762687571
3/3/21,149,2.927884905,0.012392251,0.318607044,S2A,2.193253799,0.013418445,0.415287771
3/3/21,150,2.465764487,0.012462001,0.375259528,S2A,1.766501909,0.014803334,0.513085142
1/30/21,1,1.637073973,0.015774445,0.553061803,S2B,1.172086758,0.019753779,0.759545816
1/30/21,2,1.477354746,0.016404001,0.611497593,S2B,1.194433845,0.019196223,0.74692069
1/30/21,3,1.407104203,0.017482223,0.637820366,S2B,1.120966344,0.020797779,0.790848147
1/30/21,4,0.916781117,0.013364751,0.99527173,S2B,0.874956792,0.019034445,1.020190954
1/30/21,5,1.075912705,0.013594001,0.84599315,S2B,1.168209049,0.019299556,0.763045732
1/30/21,6,1.650085969,0.015830667,0.547713117,S2B,1.12425587,0.019368001,0.792838428
1/30/21,7,1.551137691,0.017138667,0.579959317,S2B,1.147731531,0.020584223,0.773166445
1/30/21,8,1.066364236,0.014210668,0.851981192,S2B,0.922336023,0.018196445,0.970561879
1/30/21,9,1.460903793,0.014360223,0.62207329,S2B,1.084831719,0.017597779,0.826990903
1/30/21,10,1.179499219,0.013241112,0.773989828,S2B,1.211707351,0.017723112,0.74020415
1/30/21,11,1.054012654,0.013354223,0.864566765,S2B,0.929896742,0.017485779,0.965081377
1/30/21,12,1.260471237,0.014664668,0.720442005,S2B,1.071039696,0.01877889,0.834637436
1/30/21,13,1.307314521,0.013051779,0.697551071,S2B,1.1011937,0.017087334,0.816188866
1/30/21,14,1.206196896,0.013230223,0.756823368,S2B,1.0116912,0.016657779,0.889891175
1/30/21,15,1.223642944,0.016516001,0.736283483,S2B,0.943430926,0.019138667,0.945433027
1/30/21,16,2.12353411,0.015106445,0.427452629,S2B,1.465198688,0.017729556,0.612001826
1/30/21,17,1.585788428,0.015624001,0.570371202,S2B,1.2750033,0.018940001,0.700074945
1/30/21,18,0.939445141,0.011668223,0.978241031,S2B,0.919640727,0.016047556,0.981036559
1/30/21,19,1.17548002,0.013850223,0.774331725,S2B,1.147513911,0.017820001,0.781244829
1/30/21,20,1.555303507,0.01298089,0.587183276,S2B,1.223595154,0.016497779,0.73668312
1/30/21,21,1.099870461,0.01301689,0.830936598,S2B,0.995505677,0.018284667,0.899727016
1/30/21,22,0.99926212,0.011387201,0.915989312,S2B,0.849041009,0.015272001,1.065452607
1/30/21,23,0.82684237,0.012727779,1.10872439,S2B,0.84384356,0.015404445,1.07238203
1/30/21,24,1.860276802,0.012882668,0.492391871,S2B,1.511288103,0.017090223,0.594923269
1/30/21,25,1.632086619,0.013627556,0.558488055,S2B,1.21945023,0.016697779,0.738095775
1/30/21,26,2.458838086,0.011538668,0.373202107,S2B,1.801653485,0.013581334,0.505487027
1/30/21,27,2.640228338,0.014439556,0.345108203,S2B,1.808901312,0.016454001,0.498176276
1/30/21,28,2.241375829,0.013383112,0.407284316,S2B,1.779759086,0.015751779,0.507912481
1/30/21,29,1.728361086,0.014645112,0.524889657,S2B,1.427499467,0.01685489,0.630289198
1/30/21,30,1.763400032,0.012447334,0.520135119,S2B,1.317722625,0.015459779,0.707907522
1/30/21,31,1.67157589,0.01140089,0.549115402,S2B,1.411079087,0.015105112,0.641782106
1/30/21,32,0.403882886,0.005019201,2.281742559,S2B,1.057043515,0.016937779,0.854182562
1/30/21,33,2.52857122,0.011652001,0.363147944,S2B,1.920834637,0.013551556,0.473914173
1/30/21,34,1.937042159,0.01286889,0.472524982,S2B,1.540532167,0.015509779,0.587063599
1/30/21,35,1.680607134,0.013130445,0.542864743,S2B,1.317384067,0.016734667,0.683125788
1/30/21,36,1.355819402,0.014934223,0.668414809,S2B,1.092373935,0.01795689,0.820544142
1/30/21,37,2.377512476,0.01422489,0.384273075,S2B,1.769937513,0.015835112,0.51096991
1/30/21,38,1.386813147,0.013601112,0.657186861,S2B,1.317799966,0.016841779,0.683899461
1/30/21,39,1.242034445,0.012692445,0.737368953,S2B,1.022447085,0.015825334,0.883134986
1/30/21,40,1.856436752,0.012762001,0.492810527,S2B,1.473410675,0.014905334,0.61488392
1/30/21,41,2.69424187,0.011751334,0.3478832,S2B,1.90779221,0.013872001,0.476712496
1/30/21,42,3.238902997,0.010642445,0.287262093,S2B,2.352542577,0.012074445,0.389555863
1/30/21,43,3.11981858,0.011521334,0.295802607,S2B,2.101997198,0.013463334,0.433395201
1/30/21,44,2.069438896,0.014187334,0.43954891,S2B,1.569240214,0.016224001,0.574651027
1/30/21,45,2.168436429,0.013097112,0.422942179,S2B,1.66740805,0.015088001,0.542894573
1/30/21,46,2.281648327,0.011653334,0.402993531,S2B,1.69594178,0.014345334,0.535231037
1/30/21,47,1.49784941,0.015610667,0.603573947,S2B,1.140643672,0.018782223,0.783108223
1/30/21,48,1.155747304,0.012842223,0.794290256,S2B,1.047153495,0.01521489,0.861930612
1/30/21,49,1.185812533,0.014443334,0.775477023,S2B,0.889095763,0.016896001,1.011701525
1/30/21,50,1.441120474,0.015440001,0.628454561,S2B,1.143221195,0.018612223,0.782161802
1/30/21,51,0.998611278,0.015465112,0.905651954,S2B,0.846311566,0.019767112,1.051405466
1/30/21,52,0.942971067,0.014504223,0.963379615,S2B,0.862072881,0.019951779,1.031648165
1/30/21,53,1.383160292,0.016226445,0.652676708,S2B,1.024474611,0.019568445,0.869652042
1/30/21,54,1.138877497,0.01452889,0.796878345,S2B,1.004215319,0.019329779,0.888003992
1/30/21,55,1.216419763,0.013654001,0.748451862,S2B,0.997791521,0.017030223,0.900932556
1/30/21,56,1.329892662,0.017369112,0.676427361,S2B,0.950198686,0.021330667,0.931084944
1/30/21,57,1.151071091,0.014383556,0.788784187,S2B,1.00388276,0.01862489,0.890833117
1/30/21,58,1.432628054,0.012871779,0.637791258,S2B,1.054945949,0.012844001,0.858033294
1/30/21,59,1.034809577,0.014053334,0.878028858,S2B,0.952106062,0.018443334,0.939288816
1/30/21,60,1.030610206,0.015215779,0.878216968,S2B,0.931966564,0.019776223,0.955010207
1/30/21,61,1.669223476,0.015265556,0.542818441,S2B,1.435608249,0.017788445,0.624635002
1/30/21,62,1.341321352,0.013566445,0.68155616,S2B,1.064185427,0.017337112,0.844534685
1/30/21,63,1.48271395,0.01512289,0.611104975,S2B,1.182579965,0.019358445,0.753709317
1/30/21,64,1.712191621,0.014937112,0.529304121,S2B,1.284890983,0.017730667,0.697991899
1/30/21,65,1.714239115,0.015154001,0.528444173,S2B,1.182548417,0.01757489,0.759863557
1/30/21,66,1.508917883,0.014285556,0.602415239,S2B,1.19198355,0.019571112,0.747388966
1/30/21,67,1.583489489,0.01439289,0.573591973,S2B,1.088757407,0.019131334,0.820109668
1/30/21,68,1.554396578,0.01591489,0.580624107,S2B,1.235488281,0.018298223,0.724253167
1/30/21,69,1.217399295,0.014329556,0.746282668,S2B,1.0926409,0.018970445,0.817180099
1/30/21,70,1.255089751,0.015034001,0.721473513,S2B,1.015331071,0.018798445,0.879668011
1/30/21,71,1.123457492,0.012379334,0.813665898,S2B,1.112060492,0.017893334,0.805893081
1/30/21,72,1.445166761,0.014371556,0.628163115,S2B,1.207723425,0.017953334,0.741929632
1/30/21,73,2.153437026,0.013808668,0.423027903,S2B,1.585840276,0.016271556,0.568449711
1/30/21,74,1.635805868,0.015399334,0.553708722,S2B,1.052653769,0.018203112,0.850841615
1/30/21,75,1.415322144,0.015419112,0.639422887,S2B,1.147011355,0.018710001,0.779193783
1/30/21,76,1.193210682,0.015006001,0.75924156,S2B,0.959125643,0.019055779,0.930341586
1/30/21,77,1.566286612,0.013499112,0.586190792,S2B,1.309149244,0.016609112,0.689803146
1/30/21,78,1.471964885,0.013685556,0.6198261,S2B,1.074147723,0.016578445,0.83842522
1/30/21,79,1.757399832,0.015501779,0.515259707,S2B,1.299214017,0.018415779,0.688518587
1/30/21,80,1.668662394,0.015564667,0.542021102,S2B,1.226409419,0.018916001,0.728092317
1/30/21,81,1.324655686,0.015956001,0.681625255,S2B,1.039688361,0.019285779,0.857922273
1/30/21,82,1.259791349,0.014565334,0.719935033,S2B,1.016800764,0.018016445,0.880825001
1/30/21,83,2.112830547,0.015410445,0.428868489,S2B,1.569990874,0.017161334,0.572446202
1/30/21,84,1.215989263,0.01349889,0.749586223,S2B,0.984225083,0.016759556,0.914184569
1/30/21,85,1.120535118,0.014095334,0.811353908,S2B,0.974806147,0.017194445,0.921895818
1/30/21,86,1.449830066,0.016328001,0.622079187,S2B,1.073733972,0.020596223,0.826684175
1/30/21,87,2.346116295,0.013614001,0.389590377,S2B,1.546353259,0.016343779,0.583147063
1/30/21,88,1.429398734,0.012709556,0.639343048,S2B,1.665608151,0.015400001,0.543255992
1/30/21,89,2.505384434,0.012227556,0.365084526,S2B,1.710246134,0.014815556,0.529917906
1/30/21,90,1.588583889,0.012750445,0.574390916,S2B,1.091165132,0.01547089,0.833464619
1/30/21,91,3.112325343,0.011030668,0.29619877,S2B,2.111126412,0.012693112,0.432422978
1/30/21,92,1.492649966,0.014085334,0.610214281,S2B,0.998128661,0.016682445,0.901947993
1/30/21,93,1.623725147,0.016597334,0.555186478,S2B,1.19863673,0.019937556,0.742227189
1/30/21,94,1.975777884,0.016020445,0.456795919,S2B,1.461848531,0.018236445,0.612349538
1/30/21,95,1.645448436,0.01348489,0.55359457,S2B,1.267311484,0.016704223,0.710878332
1/30/21,96,NaN,0.010817601,NaN,S2B,0.823324974,0.013811112,1.104378359
1/30/21,97,1.334950757,0.01225289,0.731681119,S2B,1.08288211,0.014757556,0.853498723
1/30/21,98,1.019637696,0.011388001,0.899700211,S2B,0.921248928,0.014819779,0.984199348
1/30/21,99,1.726833946,0.014168001,0.526271925,S2B,1.350996062,0.01695289,0.66556932
1/30/21,100,1.701309049,0.012684668,0.537426342,S2B,1.331981745,0.015672445,0.678211545
1/30/21,101,1.818863374,0.012187779,0.50381535,S2B,1.851333738,0.013816223,0.491368061
1/30/21,102,1.420277422,0.01359089,0.641508102,S2B,1.14215595,0.017737556,0.785098389
1/30/21,103,2.213855466,0.013191779,0.41254363,S2B,1.630280366,0.015249779,0.555208061
1/30/21,104,2.799932379,0.012337556,0.328708061,S2B,2.049272048,0.014152668,0.44347307
1/30/21,105,3.043887282,0.010847334,0.303730872,S2B,2.021826444,0.013007556,0.451310451
1/30/21,106,3.179758123,0.010463779,0.291020245,S2B,2.06588279,0.012997556,0.44171054
1/30/21,107,1.646148539,0.014824445,0.551023188,S2B,1.200911285,0.017782001,0.746744017
1/30/21,108,2.112927164,0.01549089,0.4294688,S2B,1.668890197,0.016938223,0.539037611
1/30/21,109,2.489232832,0.014567112,0.366292113,S2B,1.85450589,0.016124223,0.48633801
1/30/21,110,1.637572097,0.014747556,0.554775964,S2B,1.237981621,0.017771779,0.724406653
1/30/21,111,1.441705615,0.013453556,0.631623823,S2B,1.2160637,0.016601112,0.740579474
1/30/21,112,1.153733555,0.010593334,0.799437009,S2B,1.14872517,0.015358001,0.787268555
1/30/21,113,1.583065383,0.012243112,0.577890781,S2B,1.241922799,0.015580223,0.72765596
1/30/21,114,1.575511624,0.01338689,0.579830964,S2B,2.063462593,0.013790668,0.444565475
1/30/21,115,1.699677758,0.013111112,0.537216365,S2B,1.093513245,0.015741779,0.82595659
1/30/21,116,1.689691745,0.013539334,0.539547776,S2B,1.256498066,0.015942223,0.718299979
1/30/21,117,0.902000128,0.01113289,1.020600326,S2B,0.906306371,0.015568223,0.997264314
1/30/21,118,3.255915773,0.011507779,0.284549838,S2B,2.148125387,0.013399779,0.423957935
1/30/21,119,1.760085269,0.012641779,0.519677612,S2B,1.376383481,0.01527089,0.657383261
1/30/21,120,2.024670775,0.012628668,0.451658621,S2B,1.546105339,0.01550089,0.585185069
1/30/21,121,2.396954237,0.012466001,0.382659506,S2B,1.658849447,0.015009112,0.546191555
1/30/21,122,3.353563292,0.010692445,0.277706467,S2B,2.384584924,0.012103334,0.384056378
1/30/21,123,1.96941308,0.015559556,0.459985575,S2B,1.413975763,0.018174667,0.633314271
1/30/21,124,2.907985309,0.013596445,0.314153873,S2B,2.06581521,0.015259556,0.437932954
1/30/21,125,1.431318133,0.014697334,0.634294026,S2B,1.186478417,0.017924223,0.756391645
1/30/21,126,1.888546005,0.014482223,0.481607243,S2B,1.344492061,0.017065334,0.669104496
1/30/21,127,2.422842445,0.014095112,0.375973777,S2B,1.570859126,0.016884223,0.573102289
1/30/21,128,2.327401265,0.012200668,0.396234012,S2B,1.927365018,0.014097779,0.472451433
1/30/21,129,1.5432448,0.015168445,0.58684714,S2B,1.18097489,0.018654001,0.756674051
1/30/21,130,1.782409404,0.015334001,0.508154975,S2B,1.256538803,0.018611112,0.711553035
1/30/21,131,1.355237568,0.010429112,0.685835844,S2B,1.071057485,0.015326001,0.844697748
1/30/21,132,1.072390612,0.010055334,0.862623253,S2B,1.165168449,0.014035556,0.779750207
1/30/21,133,2.547806997,0.011927556,0.361574171,S2B,1.824991703,0.014821779,0.576893197
1/30/21,134,1.547144506,0.012912001,0.594026847,S2B,1.581931808,0.01495889,0.573552556
1/30/21,135,2.188135504,0.012217112,0.419392594,S2B,2.024400807,0.013881112,0.450025311
1/30/21,136,3.917822459,0.010254445,0.237911068,S2B,2.5129769,0.011716668,0.364543685
1/30/21,137,2.826934226,0.01241689,0.325086215,S2B,2.037152464,0.014029779,0.446224414
1/30/21,138,1.774273109,0.014110668,0.51232467,S2B,1.520569778,0.017479779,0.590460404
1/30/21,139,2.556336949,0.013267779,0.358325347,S2B,1.593576017,0.015561779,0.569944085
1/30/21,140,2.391084918,0.013225556,0.382023902,S2B,1.676224297,0.015146001,0.542252404
1/30/21,141,1.587427645,0.015923334,0.569202598,S2B,1.268086654,0.018716001,0.704632158
1/30/21,142,1.89294291,0.014251779,0.48098344,S2B,1.370947225,0.017498445,0.65486328
1/30/21,143,2.180189317,0.013414445,0.418443087,S2B,1.896055259,0.014793779,0.478449107
1/30/21,144,2.563831308,0.011812223,0.359804901,S2B,2.021359415,0.013400668,0.450989413
1/30/21,145,2.302139967,0.014133334,0.398055339,S2B,1.551808541,0.016826223,0.583314694
1/30/21,146,1.878948841,0.015896667,0.481329349,S2B,1.452724818,0.01845289,0.615818616
1/30/21,147,2.196190894,0.011997334,0.417171188,S2B,1.82350329,0.014104001,0.499058781
1/30/21,148,1.643835055,0.013355112,0.554365989,S2B,1.36507132,0.015939112,0.661348697
1/30/21,149,2.564858133,0.012472223,0.358267959,S2B,1.879871673,0.014699779,0.482549562
1/30/21,150,2.967832187,0.01185889,0.310682253,S2B,2.241765288,0.013183556,0.40657869