decimaldate,date,yearday,site,satsecchi
2013.218344,3/20/13,79,2,NaN
2013.218344,3/20/13,79,5,NaN
2013.218344,3/20/13,79,6,2.88056887
2013.218344,3/20/13,79,12,1.922311006
2013.218344,3/20/13,79,13,NaN
2013.218344,3/20/13,79,16,3.358941881
2013.218344,3/20/13,79,17,NaN
2013.267625,4/7/13,97,2,0.980577587
2013.267625,4/7/13,97,5,NaN
2013.267625,4/7/13,97,6,2.050635327
2013.267625,4/7/13,97,12,NaN
2013.267625,4/7/13,97,13,NaN
2013.267625,4/7/13,97,16,2.474068279
2013.267625,4/7/13,97,17,NaN
2013.28679,4/14/13,104,2,1.457238849
2013.28679,4/14/13,104,5,2.459562705
2013.28679,4/14/13,104,6,2.129533447
2013.28679,4/14/13,104,12,1.326562347
2013.28679,4/14/13,104,13,1.753940377
2013.28679,4/14/13,104,16,1.872561306
2013.28679,4/14/13,104,17,2.600122958
2013.549624,7/19/13,200,2,0.788991525
2013.549624,7/19/13,200,5,1.804623249
2013.549624,7/19/13,200,6,NaN
2013.549624,7/19/13,200,12,1.534329938
2013.549624,7/19/13,200,13,1.005356486
2013.549624,7/19/13,200,16,1.16535548
2013.549624,7/19/13,200,17,NaN
2013.593429,8/4/13,216,2,0.93405285
2013.593429,8/4/13,216,5,NaN
2013.593429,8/4/13,216,6,NaN
2013.593429,8/4/13,216,12,NaN
2013.593429,8/4/13,216,13,NaN
2013.593429,8/4/13,216,16,NaN
2013.593429,8/4/13,216,17,NaN
2013.68104,9/5/13,248,2,1.312234102
2013.68104,9/5/13,248,5,1.412577362
2013.68104,9/5/13,248,6,1.202448213
2013.68104,9/5/13,248,12,1.430561674
2013.68104,9/5/13,248,13,0.860991544
2013.68104,9/5/13,248,16,1.319165036
2013.68104,9/5/13,248,17,2.315417064
2013.724846,9/21/13,264,2,1.415325562
2013.724846,9/21/13,264,5,1.656378663
2013.724846,9/21/13,264,6,1.4447426
2013.724846,9/21/13,264,12,1.402489198
2013.724846,9/21/13,264,13,1.602736468
2013.724846,9/21/13,264,16,1.875294011
2013.724846,9/21/13,264,17,1.90685282
2013.856263,11/8/13,312,2,1.199448882
2013.856263,11/8/13,312,5,1.059295782
2013.856263,11/8/13,312,6,1.045286866
2013.856263,11/8/13,312,12,0.995102967
2013.856263,11/8/13,312,13,1.037000317
2013.856263,11/8/13,312,16,0.953602611
2013.856263,11/8/13,312,17,1.107544564
2014.162902,2/28/14,59,2,1.566557808
2014.162902,2/28/14,59,5,1.364644367
2014.162902,2/28/14,59,6,2.319207014
2014.162902,2/28/14,59,12,1.784332036
2014.162902,2/28/14,59,13,0.972706342
2014.162902,2/28/14,59,16,1.435672726
2014.162902,2/28/14,59,17,2.014972898
2014.250513,4/1/14,91,2,1.352404147
2014.250513,4/1/14,91,5,1.41185388
2014.250513,4/1/14,91,6,1.636096775
2014.250513,4/1/14,91,12,1.618218427
2014.250513,4/1/14,91,13,1.456194179
2014.250513,4/1/14,91,16,1.893752695
2014.250513,4/1/14,91,17,1.607358808
2014.338125,5/3/14,123,2,NaN
2014.338125,5/3/14,123,5,2.123126813
2014.338125,5/3/14,123,6,1.622344672
2014.338125,5/3/14,123,12,NaN
2014.338125,5/3/14,123,13,NaN
2014.338125,5/3/14,123,16,NaN
2014.338125,5/3/14,123,17,1.784513002
2014.38193,5/19/14,139,2,NaN
2014.38193,5/19/14,139,5,NaN
2014.38193,5/19/14,139,6,NaN
2014.38193,5/19/14,139,12,NaN
2014.38193,5/19/14,139,13,NaN
2014.38193,5/19/14,139,16,NaN
2014.38193,5/19/14,139,17,NaN
2014.425736,6/4/14,155,1,NaN
2014.425736,6/4/14,155,2,NaN
2014.425736,6/4/14,155,3,NaN
2014.425736,6/4/14,155,4,NaN
2014.425736,6/4/14,155,5,NaN
2014.425736,6/4/14,155,6,1.457434864
2014.425736,6/4/14,155,7,NaN
2014.425736,6/4/14,155,8,NaN
2014.425736,6/4/14,155,9,NaN
2014.425736,6/4/14,155,10,NaN
2014.425736,6/4/14,155,11,NaN
2014.425736,6/4/14,155,12,NaN
2014.425736,6/4/14,155,13,NaN
2014.425736,6/4/14,155,14,NaN
2014.425736,6/4/14,155,15,NaN
2014.425736,6/4/14,155,16,NaN
2014.425736,6/4/14,155,17,1.164977041
2014.78,10/10/14,284,1,NaN
2014.78,10/10/14,284,2,1.92650807
2014.78,10/10/14,284,3,NaN
2014.78,10/10/14,284,4,NaN
2014.78,10/10/14,284,5,2.05076253
2014.78,10/10/14,284,6,1.48368321
2014.78,10/10/14,284,7,NaN
2014.78,10/10/14,284,8,NaN
2014.78,10/10/14,284,9,NaN
2014.78,10/10/14,284,10,NaN
2014.78,10/10/14,284,11,NaN
2014.78,10/10/14,284,12,NaN
2014.78,10/10/14,284,13,3.36069617
2014.78,10/10/14,284,14,NaN
2014.78,10/10/14,284,15,NaN
2014.78,10/10/14,284,16,1.6084406
2014.78,10/10/14,284,17,2.34206232
2014.819986,10/26/14,299,2,1.310905501
2014.819986,10/26/14,299,5,0.999963986
2014.819986,10/26/14,299,6,1.155313543
2014.819986,10/26/14,299,12,1.655798812
2014.819986,10/26/14,299,13,1.386703571
2014.819986,10/26/14,299,16,1.2239125
2014.819986,10/26/14,299,17,1.656415119
2014.951403,12/13/14,347,2,1.699852663
2014.951403,12/13/14,347,5,0.933526176
2014.951403,12/13/14,347,6,0.866105826
2014.951403,12/13/14,347,12,0.885481284
2014.951403,12/13/14,347,13,1.666134153
2014.951403,12/13/14,347,16,0.960506601
2014.951403,12/13/14,347,17,0.884245128
2015.13,2/15/15,46,1,NaN
2015.13,2/15/15,46,2,0.67527492
2015.13,2/15/15,46,3,NaN
2015.13,2/15/15,46,4,NaN
2015.13,2/15/15,46,5,NaN
2015.13,2/15/15,46,6,NaN
2015.13,2/15/15,46,7,NaN
2015.13,2/15/15,46,8,NaN
2015.13,2/15/15,46,9,NaN
2015.13,2/15/15,46,10,NaN
2015.13,2/15/15,46,11,NaN
2015.13,2/15/15,46,12,0.88966335
2015.13,2/15/15,46,13,0.99190004
2015.13,2/15/15,46,14,NaN
2015.13,2/15/15,46,15,NaN
2015.13,2/15/15,46,16,0.64738012
2015.13,2/15/15,46,17,0.75331113
2015.389459,5/22/15,142,1,NaN
2015.389459,5/22/15,142,2,NaN
2015.389459,5/22/15,142,3,NaN
2015.389459,5/22/15,142,4,NaN
2015.389459,5/22/15,142,5,NaN
2015.389459,5/22/15,142,6,NaN
2015.389459,5/22/15,142,7,NaN
2015.389459,5/22/15,142,8,NaN
2015.389459,5/22/15,142,9,NaN
2015.389459,5/22/15,142,10,NaN
2015.389459,5/22/15,142,11,NaN
2015.389459,5/22/15,142,12,NaN
2015.389459,5/22/15,142,13,NaN
2015.389459,5/22/15,142,14,NaN
2015.389459,5/22/15,142,15,NaN
2015.389459,5/22/15,142,16,NaN
2015.389459,5/22/15,142,17,NaN
2015.47707,6/23/15,174,2,NaN
2015.47707,6/23/15,174,5,1.686046792
2015.47707,6/23/15,174,6,1.324311407
2015.47707,6/23/15,174,12,NaN
2015.47707,6/23/15,174,13,NaN
2015.47707,6/23/15,174,16,1.105765139
2015.47707,6/23/15,174,17,NaN
2015.564682,7/25/15,206,2,1.198332924
2015.564682,7/25/15,206,5,1.669946651
2015.564682,7/25/15,206,6,1.983023866
2015.564682,7/25/15,206,12,2.506051161
2015.564682,7/25/15,206,13,1.162127965
2015.564682,7/25/15,206,16,1.77085151
2015.564682,7/25/15,206,17,1.692981398
2015.827515,10/29/15,302,2,1.401874463
2015.827515,10/29/15,302,5,0.928431217
2015.827515,10/29/15,302,6,1.070627643
2015.827515,10/29/15,302,12,0.889965018
2015.827515,10/29/15,302,13,1.144378561
2015.827515,10/29/15,302,16,1.079759843
2015.827515,10/29/15,302,17,0.983444726
2015.871321,11/14/15,318,2,1.673948192
2015.871321,11/14/15,318,5,2.169319623
2015.871321,11/14/15,318,6,1.766579381
2015.871321,11/14/15,318,12,1.835297962
2015.871321,11/14/15,318,13,1.954467525
2015.871321,11/14/15,318,16,1.92611903
2015.871321,11/14/15,318,17,2.21728966
2015.958932,12/16/15,350,2,1.914188618
2015.958932,12/16/15,350,5,1.378878836
2015.958932,12/16/15,350,6,1.38954087
2015.958932,12/16/15,350,12,1.321858148
2015.958932,12/16/15,350,13,1.386762227
2015.958932,12/16/15,350,16,1.211027165
2015.958932,12/16/15,350,17,1.122567095
2016.09,2/2/16,33,1,NaN
2016.09,2/2/16,33,2,1.22909151
2016.09,2/2/16,33,3,NaN
2016.09,2/2/16,33,4,NaN
2016.09,2/2/16,33,5,1.56295177
2016.09,2/2/16,33,6,1.98615916
2016.09,2/2/16,33,7,NaN
2016.09,2/2/16,33,8,NaN
2016.09,2/2/16,33,9,NaN
2016.09,2/2/16,33,10,NaN
2016.09,2/2/16,33,11,NaN
2016.09,2/2/16,33,12,1.23997715
2016.09,2/2/16,33,13,1.22286254
2016.09,2/2/16,33,14,NaN
2016.09,2/2/16,33,15,NaN
2016.09,2/2/16,33,16,1.26314878
2016.09,2/2/16,33,17,1.15869913
2016.134155,2/18/16,49,2,0.742471388
2016.134155,2/18/16,49,5,0.809655979
2016.134155,2/18/16,49,6,1.318710293
2016.134155,2/18/16,49,12,1.116153016
2016.134155,2/18/16,49,13,1.098215491
2016.134155,2/18/16,49,16,0.901287874
2016.134155,2/18/16,49,17,1.074736525
2016.265572,4/6/16,97,2,1.271775102
2016.265572,4/6/16,97,5,1.170994884
2016.265572,4/6/16,97,6,1.249080168
2016.265572,4/6/16,97,12,1.383157502
2016.265572,4/6/16,97,13,0.570782273
2016.265572,4/6/16,97,16,1.198796816
2016.265572,4/6/16,97,17,1.156718007
2016.396988,5/24/16,145,1,NaN
2016.396988,5/24/16,145,2,1.309430769
2016.396988,5/24/16,145,3,NaN
2016.396988,5/24/16,145,4,NaN
2016.396988,5/24/16,145,5,NaN
2016.396988,5/24/16,145,6,NaN
2016.396988,5/24/16,145,7,NaN
2016.396988,5/24/16,145,8,NaN
2016.396988,5/24/16,145,9,NaN
2016.396988,5/24/16,145,10,NaN
2016.396988,5/24/16,145,11,NaN
2016.396988,5/24/16,145,12,NaN
2016.396988,5/24/16,145,13,NaN
2016.396988,5/24/16,145,14,NaN
2016.396988,5/24/16,145,15,NaN
2016.396988,5/24/16,145,16,NaN
2016.396988,5/24/16,145,17,NaN
2016.440794,6/9/16,161,1,NaN
2016.440794,6/9/16,161,2,0.959216476
2016.440794,6/9/16,161,3,NaN
2016.440794,6/9/16,161,4,NaN
2016.440794,6/9/16,161,5,NaN
2016.440794,6/9/16,161,6,NaN
2016.440794,6/9/16,161,7,NaN
2016.440794,6/9/16,161,8,NaN
2016.440794,6/9/16,161,9,NaN
2016.440794,6/9/16,161,10,NaN
2016.440794,6/9/16,161,11,NaN
2016.440794,6/9/16,161,12,NaN
2016.440794,6/9/16,161,13,NaN
2016.440794,6/9/16,161,14,NaN
2016.440794,6/9/16,161,15,NaN
2016.440794,6/9/16,161,16,NaN
2016.440794,6/9/16,161,17,NaN
2016.572211,7/27/16,209,2,NaN
2016.572211,7/27/16,209,5,2.10595481
2016.572211,7/27/16,209,6,1.476252201
2016.572211,7/27/16,209,12,NaN
2016.572211,7/27/16,209,13,0.996819691
2016.572211,7/27/16,209,16,1.173298427
2016.572211,7/27/16,209,17,2.665195056
2016.616016,8/12/16,225,2,1.158462965
2016.616016,8/12/16,225,5,2.526634028
2016.616016,8/12/16,225,6,2.599955323
2016.616016,8/12/16,225,12,2.305562765
2016.616016,8/12/16,225,13,1.544619661
2016.616016,8/12/16,225,16,1.330068848
2016.616016,8/12/16,225,17,3.696234951
2016.659822,8/28/16,241,2,NaN
2016.659822,8/28/16,241,5,1.792673754
2016.659822,8/28/16,241,6,1.744908543
2016.659822,8/28/16,241,12,2.173169029
2016.659822,8/28/16,241,13,1.076336803
2016.659822,8/28/16,241,16,0.97087207
2016.659822,8/28/16,241,17,1.523371029
2016.703628,9/13/16,257,2,0.982350095
2016.703628,9/13/16,257,5,1.932423463
2016.703628,9/13/16,257,6,2.580514178
2016.703628,9/13/16,257,12,1.654306207
2016.703628,9/13/16,257,13,1.858586808
2016.703628,9/13/16,257,16,2.164492174
2016.703628,9/13/16,257,17,1.998465171
2016.791239,10/15/16,289,2,0.875184523
2016.791239,10/15/16,289,5,1.362555668
2016.791239,10/15/16,289,6,1.012727309
2016.791239,10/15/16,289,12,1.21502814
2016.791239,10/15/16,289,13,0.557294256
2016.791239,10/15/16,289,16,1.377712902
2016.791239,10/15/16,289,17,0.972235715
2016.87885,11/16/16,321,2,1.827122173
2016.87885,11/16/16,321,5,1.921246837
2016.87885,11/16/16,321,6,1.369852172
2016.87885,11/16/16,321,12,1.397517097
2016.87885,11/16/16,321,13,1.752162432
2016.87885,11/16/16,321,16,1.775584695
2016.87885,11/16/16,321,17,1.92189894
2016.922656,12/2/16,337,2,1.816109095
2016.922656,12/2/16,337,5,1.863596846
2016.922656,12/2/16,337,6,1.932630486
2016.922656,12/2/16,337,12,1.965024293
2016.922656,12/2/16,337,13,1.892120599
2016.922656,12/2/16,337,16,1.810495343
2016.922656,12/2/16,337,17,2.301611076
2017.097878,2/4/17,35,2,1.143701571
2017.097878,2/4/17,35,5,1.110239937
2017.097878,2/4/17,35,6,1.109270854
2017.097878,2/4/17,35,12,1.353934974
2017.097878,2/4/17,35,13,1.03278234
2017.097878,2/4/17,35,16,0.922383658
2017.097878,2/4/17,35,17,1.048865917
2017.141684,2/20/17,51,2,1.712100704
2017.141684,2/20/17,51,5,2.637784477
2017.141684,2/20/17,51,6,2.711937821
2017.141684,2/20/17,51,12,3.601259375
2017.141684,2/20/17,51,13,2.030509899
2017.141684,2/20/17,51,16,1.971979715
2017.141684,2/20/17,51,17,2.467547516
2017.273101,4/9/17,99,2,1.463966932
2017.273101,4/9/17,99,5,1.80805416
2017.273101,4/9/17,99,6,1.128164455
2017.273101,4/9/17,99,12,1.384421763
2017.273101,4/9/17,99,13,0.635109354
2017.273101,4/9/17,99,16,1.483915922
2017.273101,4/9/17,99,17,2.098674792
2017.404517,5/27/17,147,2,1.129271142
2017.404517,5/27/17,147,5,NaN
2017.404517,5/27/17,147,6,NaN
2017.404517,5/27/17,147,12,NaN
2017.404517,5/27/17,147,13,1.405110796
2017.404517,5/27/17,147,16,1.297968779
2017.404517,5/27/17,147,17,NaN
2017.448323,6/12/17,163,1,NaN
2017.448323,6/12/17,163,2,1.326425392
2017.448323,6/12/17,163,3,NaN
2017.448323,6/12/17,163,4,NaN
2017.448323,6/12/17,163,5,2.188244434
2017.448323,6/12/17,163,6,NaN
2017.448323,6/12/17,163,7,NaN
2017.448323,6/12/17,163,8,NaN
2017.448323,6/12/17,163,9,NaN
2017.448323,6/12/17,163,10,NaN
2017.448323,6/12/17,163,11,NaN
2017.448323,6/12/17,163,12,1.867424087
2017.448323,6/12/17,163,13,1.82474414
2017.448323,6/12/17,163,14,NaN
2017.448323,6/12/17,163,15,NaN
2017.448323,6/12/17,163,16,1.4296993
2017.448323,6/12/17,163,17,NaN
2017.492129,6/28/17,179,2,1.192792053
2017.492129,6/28/17,179,5,NaN
2017.492129,6/28/17,179,6,NaN
2017.492129,6/28/17,179,12,NaN
2017.492129,6/28/17,179,13,NaN
2017.492129,6/28/17,179,16,NaN
2017.492129,6/28/17,179,17,NaN
2017.535934,7/14/17,195,2,1.10834897
2017.535934,7/14/17,195,5,NaN
2017.535934,7/14/17,195,6,NaN
2017.535934,7/14/17,195,12,NaN
2017.535934,7/14/17,195,13,NaN
2017.535934,7/14/17,195,16,NaN
2017.535934,7/14/17,195,17,NaN
2017.57974,7/30/17,211,1,NaN
2017.57974,7/30/17,211,2,1.136096259
2017.57974,7/30/17,211,3,NaN
2017.57974,7/30/17,211,4,NaN
2017.57974,7/30/17,211,5,0.859242396
2017.57974,7/30/17,211,6,NaN
2017.57974,7/30/17,211,7,NaN
2017.57974,7/30/17,211,8,NaN
2017.57974,7/30/17,211,9,NaN
2017.57974,7/30/17,211,10,NaN
2017.57974,7/30/17,211,11,NaN
2017.57974,7/30/17,211,12,NaN
2017.57974,7/30/17,211,13,0.934844986
2017.57974,7/30/17,211,14,NaN
2017.57974,7/30/17,211,15,NaN
2017.57974,7/30/17,211,16,1.255608693
2017.57974,7/30/17,211,17,NaN
2017.667351,8/31/17,243,2,0.9910473
2017.667351,8/31/17,243,5,1.625027495
2017.667351,8/31/17,243,6,1.592066105
2017.667351,8/31/17,243,12,1.208294585
2017.667351,8/31/17,243,13,1.091922525
2017.667351,8/31/17,243,16,2.029348369
2017.667351,8/31/17,243,17,1.016632975
2017.711157,9/16/17,259,2,0.866057253
2017.711157,9/16/17,259,5,1.823681653
2017.711157,9/16/17,259,6,1.789500765
2017.711157,9/16/17,259,12,1.970143523
2017.711157,9/16/17,259,13,1.197386602
2017.711157,9/16/17,259,16,NaN
2017.711157,9/16/17,259,17,1.967994406
2017.798768,10/18/17,291,2,1.419875229
2017.798768,10/18/17,291,5,1.46551392
2017.798768,10/18/17,291,6,0.941509749
2017.798768,10/18/17,291,12,1.179341233
2017.798768,10/18/17,291,13,NaN
2017.798768,10/18/17,291,16,1.883536807
2017.798768,10/18/17,291,17,1.073390972
2017.842574,11/3/17,307,2,1.301018785
2017.842574,11/3/17,307,5,2.165037518
2017.842574,11/3/17,307,6,1.281070752
2017.842574,11/3/17,307,12,1.57891242
2017.842574,11/3/17,307,13,0.92542891
2017.842574,11/3/17,307,16,2.452853074
2017.842574,11/3/17,307,17,1.538650941
2017.886379,11/19/17,323,2,1.414516302
2017.886379,11/19/17,323,5,0.82005036
2017.886379,11/19/17,323,6,1.092266749
2017.886379,11/19/17,323,12,1.074904634
2017.886379,11/19/17,323,13,0.945801848
2017.886379,11/19/17,323,16,0.822709048
2017.886379,11/19/17,323,17,1.116002385
2017.97399,12/21/17,355,2,2.278258924
2017.97399,12/21/17,355,5,1.880562063
2017.97399,12/21/17,355,6,1.730457451
2017.97399,12/21/17,355,12,2.507142156
2017.97399,12/21/17,355,13,2.293385613
2017.97399,12/21/17,355,16,1.880412435
2017.97399,12/21/17,355,17,1.99474137
2018.017796,1/6/18,6,2,0.853600878
2018.017796,1/6/18,6,5,0.495696059
2018.017796,1/6/18,6,6,0.90517536
2018.017796,1/6/18,6,12,0.932743631
2018.017796,1/6/18,6,13,NaN
2018.017796,1/6/18,6,16,0.724836623
2018.017796,1/6/18,6,17,0.923357558
2018.324435,4/28/18,118,2,NaN
2018.324435,4/28/18,118,5,NaN
2018.324435,4/28/18,118,6,1.702570968
2018.324435,4/28/18,118,12,NaN
2018.324435,4/28/18,118,13,NaN
2018.324435,4/28/18,118,16,2.0074058
2018.324435,4/28/18,118,17,NaN
2018.499658,7/1/18,182,2,NaN
2018.499658,7/1/18,182,5,2.031260292
2018.499658,7/1/18,182,6,NaN
2018.499658,7/1/18,182,12,NaN
2018.499658,7/1/18,182,13,NaN
2018.499658,7/1/18,182,16,1.559897409
2018.499658,7/1/18,182,17,1.776338228
2018.543463,7/17/18,198,2,1.094073762
2018.543463,7/17/18,198,5,NaN
2018.543463,7/17/18,198,6,NaN
2018.543463,7/17/18,198,12,NaN
2018.543463,7/17/18,198,13,NaN
2018.543463,7/17/18,198,16,NaN
2018.543463,7/17/18,198,17,NaN
2018.587269,8/2/18,214,2,NaN
2018.587269,8/2/18,214,5,NaN
2018.587269,8/2/18,214,6,1.960494832
2018.587269,8/2/18,214,12,NaN
2018.587269,8/2/18,214,13,NaN
2018.587269,8/2/18,214,16,NaN
2018.587269,8/2/18,214,17,NaN
2018.67488,9/3/18,246,2,1.280684912
2018.67488,9/3/18,246,5,1.772030673
2018.67488,9/3/18,246,6,1.783859263
2018.67488,9/3/18,246,12,1.669651287
2018.67488,9/3/18,246,13,1.183879932
2018.67488,9/3/18,246,16,1.379207032
2018.67488,9/3/18,246,17,2.001372871
2018.718686,9/19/18,262,2,0.87978458
2018.718686,9/19/18,262,5,1.344572277
2018.718686,9/19/18,262,6,1.545334839
2018.718686,9/19/18,262,12,1.198519521
2018.718686,9/19/18,262,13,1.642610654
2018.718686,9/19/18,262,16,1.555407082
2018.718686,9/19/18,262,17,1.02128629
2018.893908,11/22/18,326,2,1.341216767
2018.893908,11/22/18,326,5,1.004940985
2018.893908,11/22/18,326,6,0.860601846
2018.893908,11/22/18,326,12,1.003212604
2018.893908,11/22/18,326,13,0.807553318
2018.893908,11/22/18,326,16,0.926556097
2018.893908,11/22/18,326,17,1.074426631
2018.98152,12/24/18,358,2,NaN
2018.98152,12/24/18,358,5,1.039802069
2018.98152,12/24/18,358,6,0.9583944
2018.98152,12/24/18,358,12,1.151113398
2018.98152,12/24/18,358,13,NaN
2018.98152,12/24/18,358,16,1.156161756
2018.98152,12/24/18,358,17,1.133754317
2019.025325,1/9/19,9,2,1.43265193
2019.025325,1/9/19,9,5,1.445329199
2019.025325,1/9/19,9,6,1.657531847
2019.025325,1/9/19,9,12,1.304532945
2019.025325,1/9/19,9,13,1.900012055
2019.025325,1/9/19,9,16,1.406009754
2019.025325,1/9/19,9,17,1.905670159
2019.069131,1/25/19,25,2,1.037667668
2019.069131,1/25/19,25,5,1.075128248
2019.069131,1/25/19,25,6,1.254793326
2019.069131,1/25/19,25,12,0.970015691
2019.069131,1/25/19,25,13,NaN
2019.069131,1/25/19,25,16,NaN
2019.069131,1/25/19,25,17,0.939553984
2019.112936,2/10/19,41,2,1.219558235
2019.112936,2/10/19,41,5,1.290699598
2019.112936,2/10/19,41,6,1.655031604
2019.112936,2/10/19,41,12,2.380996164
2019.112936,2/10/19,41,13,1.305492077
2019.112936,2/10/19,41,16,1.181358161
2019.112936,2/10/19,41,17,1.276685452
2019.156742,2/26/19,57,2,NaN
2019.156742,2/26/19,57,5,1.289426819
2019.156742,2/26/19,57,6,1.267844246
2019.156742,2/26/19,57,12,1.175530249
2019.156742,2/26/19,57,13,NaN
2019.156742,2/26/19,57,16,1.109460256
2019.156742,2/26/19,57,17,1.802395142
2019.288159,4/15/19,105,2,NaN
2019.288159,4/15/19,105,5,NaN
2019.288159,4/15/19,105,6,NaN
2019.288159,4/15/19,105,12,NaN
2019.288159,4/15/19,105,13,NaN
2019.288159,4/15/19,105,16,NaN
2019.288159,4/15/19,105,17,NaN
2019.331964,5/1/19,121,2,1.004721839
2019.331964,5/1/19,121,5,1.72898833
2019.331964,5/1/19,121,6,1.546182664
2019.331964,5/1/19,121,12,1.809499472
2019.331964,5/1/19,121,13,1.0990078
2019.331964,5/1/19,121,16,1.722207894
2019.331964,5/1/19,121,17,NaN
2019.419576,6/2/19,153,1,NaN
2019.419576,6/2/19,153,2,0.976014177
2019.419576,6/2/19,153,3,NaN
2019.419576,6/2/19,153,4,NaN
2019.419576,6/2/19,153,5,NaN
2019.419576,6/2/19,153,6,NaN
2019.419576,6/2/19,153,7,NaN
2019.419576,6/2/19,153,8,NaN
2019.419576,6/2/19,153,9,NaN
2019.419576,6/2/19,153,10,NaN
2019.419576,6/2/19,153,11,NaN
2019.419576,6/2/19,153,12,NaN
2019.419576,6/2/19,153,13,NaN
2019.419576,6/2/19,153,14,NaN
2019.419576,6/2/19,153,15,NaN
2019.419576,6/2/19,153,16,NaN
2019.419576,6/2/19,153,17,NaN
2019.550992,7/20/19,201,2,1.286561015
2019.550992,7/20/19,201,5,2.234498567
2019.550992,7/20/19,201,6,3.74228092
2019.550992,7/20/19,201,12,1.849664651
2019.550992,7/20/19,201,13,1.2031513
2019.550992,7/20/19,201,16,1.613022763
2019.550992,7/20/19,201,17,2.171822945
2019.726215,9/22/19,265,1,NaN
2019.726215,9/22/19,265,2,1.222116043
2019.726215,9/22/19,265,3,NaN
2019.726215,9/22/19,265,4,NaN
2019.726215,9/22/19,265,5,1.288223641
2019.726215,9/22/19,265,6,1.132908097
2019.726215,9/22/19,265,7,NaN
2019.726215,9/22/19,265,8,NaN
2019.726215,9/22/19,265,9,NaN
2019.726215,9/22/19,265,10,NaN
2019.726215,9/22/19,265,11,NaN
2019.726215,9/22/19,265,12,1.071284682
2019.726215,9/22/19,265,13,1.508431897
2019.726215,9/22/19,265,14,NaN
2019.726215,9/22/19,265,15,NaN
2019.726215,9/22/19,265,16,1.364854118
2019.726215,9/22/19,265,17,0.99002841
2019.813826,10/24/19,297,1,NaN
2019.813826,10/24/19,297,2,0.751742734
2019.813826,10/24/19,297,3,NaN
2019.813826,10/24/19,297,4,NaN
2019.813826,10/24/19,297,5,1.675272939
2019.813826,10/24/19,297,6,1.586486753
2019.813826,10/24/19,297,7,NaN
2019.813826,10/24/19,297,8,NaN
2019.813826,10/24/19,297,9,NaN
2019.813826,10/24/19,297,10,NaN
2019.813826,10/24/19,297,11,NaN
2019.813826,10/24/19,297,12,1.710489248
2019.813826,10/24/19,297,13,1.16776907
2019.813826,10/24/19,297,14,NaN
2019.813826,10/24/19,297,15,NaN
2019.813826,10/24/19,297,16,1.204000923
2019.813826,10/24/19,297,17,1.440287477
2019.857632,11/9/19,313,1,NaN
2019.857632,11/9/19,313,2,1.504246959
2019.857632,11/9/19,313,3,NaN
2019.857632,11/9/19,313,4,NaN
2019.857632,11/9/19,313,5,1.362208747
2019.857632,11/9/19,313,6,1.142199114
2019.857632,11/9/19,313,7,NaN
2019.857632,11/9/19,313,8,NaN
2019.857632,11/9/19,313,9,NaN
2019.857632,11/9/19,313,10,NaN
2019.857632,11/9/19,313,11,NaN
2019.857632,11/9/19,313,12,1.5412837
2019.857632,11/9/19,313,13,1.057351647
2019.857632,11/9/19,313,14,NaN
2019.857632,11/9/19,313,15,NaN
2019.857632,11/9/19,313,16,1.009508336
2019.857632,11/9/19,313,17,1.182335621
2019.901437,11/25/19,329,1,NaN
2019.901437,11/25/19,329,2,1.563443093
2019.901437,11/25/19,329,3,NaN
2019.901437,11/25/19,329,4,NaN
2019.901437,11/25/19,329,5,1.1105351
2019.901437,11/25/19,329,6,1.04246151
2019.901437,11/25/19,329,7,NaN
2019.901437,11/25/19,329,8,NaN
2019.901437,11/25/19,329,9,NaN
2019.901437,11/25/19,329,10,NaN
2019.901437,11/25/19,329,11,NaN
2019.901437,11/25/19,329,12,1.362584196
2019.901437,11/25/19,329,13,0.912204356
2019.901437,11/25/19,329,14,NaN
2019.901437,11/25/19,329,15,NaN
2019.901437,11/25/19,329,16,1.32004483
2019.901437,11/25/19,329,17,1.083138961
2020.295688,4/17/20,108,1,NaN
2020.295688,4/17/20,108,2,NaN
2020.295688,4/17/20,108,3,NaN
2020.295688,4/17/20,108,4,NaN
2020.295688,4/17/20,108,5,2.828839199
2020.295688,4/17/20,108,6,3.277388239
2020.295688,4/17/20,108,7,NaN
2020.295688,4/17/20,108,8,NaN
2020.295688,4/17/20,108,9,NaN
2020.295688,4/17/20,108,10,NaN
2020.295688,4/17/20,108,11,NaN
2020.295688,4/17/20,108,12,NaN
2020.295688,4/17/20,108,13,0.996716271
2020.295688,4/17/20,108,14,NaN
2020.295688,4/17/20,108,15,NaN
2020.295688,4/17/20,108,16,1.25541158
2020.295688,4/17/20,108,17,2.255669933
2020.339493,5/3/20,124,1,NaN
2020.339493,5/3/20,124,2,NaN
2020.339493,5/3/20,124,3,NaN
2020.339493,5/3/20,124,4,NaN
2020.339493,5/3/20,124,5,1.818364024
2020.339493,5/3/20,124,6,1.49813418
2020.339493,5/3/20,124,7,NaN
2020.339493,5/3/20,124,8,NaN
2020.339493,5/3/20,124,9,NaN
2020.339493,5/3/20,124,10,NaN
2020.339493,5/3/20,124,11,NaN
2020.339493,5/3/20,124,12,1.39412201
2020.339493,5/3/20,124,13,1.3759462
2020.339493,5/3/20,124,14,NaN
2020.339493,5/3/20,124,15,NaN
2020.339493,5/3/20,124,16,1.243625432
2020.339493,5/3/20,124,17,NaN
2020.427105,6/4/20,156,1,NaN
2020.427105,6/4/20,156,2,NaN
2020.427105,6/4/20,156,3,NaN
2020.427105,6/4/20,156,4,NaN
2020.427105,6/4/20,156,5,1.28328317
2020.427105,6/4/20,156,6,NaN
2020.427105,6/4/20,156,7,NaN
2020.427105,6/4/20,156,8,NaN
2020.427105,6/4/20,156,9,NaN
2020.427105,6/4/20,156,10,NaN
2020.427105,6/4/20,156,11,NaN
2020.427105,6/4/20,156,12,1.22325382
2020.427105,6/4/20,156,13,NaN
2020.427105,6/4/20,156,14,NaN
2020.427105,6/4/20,156,15,NaN
2020.427105,6/4/20,156,16,1.430370161
2020.427105,6/4/20,156,17,1.258289517
2020.514716,7/6/20,188,1,NaN
2020.514716,7/6/20,188,2,NaN
2020.514716,7/6/20,188,3,NaN
2020.514716,7/6/20,188,4,NaN
2020.514716,7/6/20,188,5,NaN
2020.514716,7/6/20,188,6,NaN
2020.514716,7/6/20,188,7,NaN
2020.514716,7/6/20,188,8,NaN
2020.514716,7/6/20,188,9,NaN
2020.514716,7/6/20,188,10,NaN
2020.514716,7/6/20,188,11,NaN
2020.514716,7/6/20,188,12,NaN
2020.514716,7/6/20,188,13,NaN
2020.514716,7/6/20,188,14,NaN
2020.514716,7/6/20,188,15,NaN
2020.514716,7/6/20,188,16,NaN
2020.514716,7/6/20,188,17,NaN
2020.558522,7/22/20,204,1,NaN
2020.558522,7/22/20,204,2,1.136876134
2020.558522,7/22/20,204,3,NaN
2020.558522,7/22/20,204,4,NaN
2020.558522,7/22/20,204,5,NaN
2020.558522,7/22/20,204,6,1.706041899
2020.558522,7/22/20,204,7,NaN
2020.558522,7/22/20,204,8,NaN
2020.558522,7/22/20,204,9,NaN
2020.558522,7/22/20,204,10,NaN
2020.558522,7/22/20,204,11,NaN
2020.558522,7/22/20,204,12,2.836558598
2020.558522,7/22/20,204,13,1.343189688
2020.558522,7/22/20,204,14,NaN
2020.558522,7/22/20,204,15,NaN
2020.558522,7/22/20,204,16,NaN
2020.558522,7/22/20,204,17,1.94062371